recordeddate,responseid,id,q3.4,q3.7,q3.8,q3.9,q3.10,q4.2_1,q4.3,q4.4,set,qx.2,qx.3,qx.4,qx.5_1,qx.7_0_group,qx.7_0_5_rank,qx.7_0_14_rank,qx.7_0_12_rank,qx.7_0_6_rank,qx.7_0_7_rank,qx.7_0_1_rank,qx.7_0_2_rank,qx.7_0_3_rank,qx.7_0_8_rank,qx.7_0_9_rank,qx.7_0_4_rank,qx.7_0_11_rank,qx.7_0_10_rank,qx.7_0_13_rank,qx.7_0_16_rank,qx.7_13_text,qx.7_16_text,qx.11_1,qx.13_id,qx.14_id,setName,lsa_mean_raw,lsa_mean_transformed,lsa_std_raw,lsa_std_transformed,lsa_mse_raw,lsa_mse_transformed,tp_raw,tp_transformed,fp_raw,fp_transformed,fn_raw,fn_transformed,jac_raw,jac_transformed,nn_mean_raw,nn_mean_transformed,nn_std_raw,nn_std_transformed,qx.7_13_text_coded,qx.7_16_text_coded,q3.10coded
3/24/2021 10:37,R_31bjqd6Mm8wBxN5,24,"Post-doc,Core Facility Staff",Academic - University,United Kingdom,Doctorate,Bioengineering,9,Personal computer,yes,q6,Python,"numpy, time, os, sys, cellpose, pillow, scikit-image, pandas, napari",I used/modified code written by someone else,8,AI / Machine-learning algorithm,NA,NA,NA,NA,NA,NA,NA,NA,NA,1,NA,NA,NA,NA,NA,NA,NA,0.5,F_3Ms78IepyNFYejr,F_3ir2w8Uy5QOxBWK,nuclei1,10.38742863,6.975312416,8.634416626,2.832751098,182.4518241,56.67946208,NA,NA,NA,NA,NA,NA,NA,NA,7.101312821,7.101312821,2.192678405,2.192678405,NA,NA,bioengineering
3/24/2021 10:37,R_31bjqd6Mm8wBxN5,24,"Post-doc,Core Facility Staff",Academic - University,United Kingdom,Doctorate,Bioengineering,9,Personal computer,yes,q7,Python,"numpy, time, os, sys, cellpose, pillow, scikit-image, pandas, napari",I used/modified code written by someone else,8,AI / Machine-learning algorithm,NA,NA,NA,NA,NA,NA,NA,NA,NA,1,NA,NA,NA,NA,NA,NA,NA,0.5,F_wN1cM17Ip05vChz,F_1f8b2cANXfR0xWc,nuclei2,6.54540995,3.54150972,2.092818091,2.938144285,47.22227898,21.17498293,NA,NA,NA,NA,NA,NA,NA,NA,5.883486555,5.883486555,1.816974868,1.816974868,NA,NA,bioengineering
3/24/2021 10:37,R_31bjqd6Mm8wBxN5,24,"Post-doc,Core Facility Staff",Academic - University,United Kingdom,Doctorate,Bioengineering,9,Personal computer,yes,q8,Python,"numpy, time, os, sys, cellpose, pillow, scikit-image, pandas, napari",I used/modified code written by someone else,8,AI / Machine-learning algorithm,NA,NA,NA,NA,NA,NA,NA,NA,NA,1,NA,NA,NA,NA,NA,NA,NA,0.5,F_1QtHa8cN0k8hEIs,F_1GU08flsI25CKOb,nuclei3,9.655416045,3.360835511,3.514371295,2.727210908,105.5778646,18.73289467,NA,NA,NA,NA,NA,NA,NA,NA,7.358877073,7.358877073,3.654334529,3.654334529,NA,NA,bioengineering
3/24/2021 10:37,R_31bjqd6Mm8wBxN5,24,"Post-doc,Core Facility Staff",Academic - University,United Kingdom,Doctorate,Bioengineering,9,Personal computer,yes,q9,Python,"numpy, time, os, sys, cellpose, pillow, scikit-image, pandas, napari",I used/modified code written by someone else,8,AI / Machine-learning algorithm,NA,NA,NA,NA,NA,NA,NA,NA,NA,1,NA,NA,NA,NA,NA,NA,NA,0.5,F_2EagWuhxambANqO,F_2ypFivQZlfHhAAt,nuclei4,8.429081549,3.521863343,4.151835091,2.58143867,88.28715038,19.06734701,NA,NA,NA,NA,NA,NA,NA,NA,5.853250409,5.853250409,3.246524267,3.246524267,NA,NA,bioengineering
7/15/2021 8:47,R_3lAJ9xY4kGlL99f,39,Staff Scientist,Academic - University,USA,Doctorate,Computer Engineering,10,Personal computer,yes,q6,Python,"scikit-image, pandas, scipy, numpy, stardist",I wrote my own original code,8,"Other1:,AI / Machine-learning algorithm",NA,NA,NA,NA,NA,NA,NA,NA,NA,2,NA,NA,NA,1,NA,Normalization,NA,4,F_3mmIVGQXVJqgNuZ,F_2AZphO5KfpwFl2j,nuclei1,22.14891868,0.124891139,8.638938557,0.04463226,565.2058582,0.017589835,NA,NA,NA,NA,NA,NA,NA,NA,8.737898915,11.64919799,1.467075707,1.816314746,normalization,NA,computerEngineering
7/15/2021 8:47,R_3lAJ9xY4kGlL99f,39,Staff Scientist,Academic - University,USA,Doctorate,Computer Engineering,10,Personal computer,yes,q7,Python,"scikit-image, stardist, numpy, scipy, pandas",I wrote my own original code,8,"Other1:,AI / Machine-learning algorithm",NA,NA,NA,NA,NA,NA,NA,NA,NA,2,NA,NA,NA,1,NA,downsample,NA,4,F_1Ny4TLOYsBtTkGm,F_29rYBGOVMEazBPs,nuclei2,18.70662569,0.177360677,5.694603905,0.063932284,382.3663582,0.035544147,NA,NA,NA,NA,NA,NA,NA,NA,10.21933011,10.90020081,0.850774219,1.168089276,resizeOrRescale,NA,computerEngineering
7/15/2021 8:47,R_3lAJ9xY4kGlL99f,39,Staff Scientist,Academic - University,USA,Doctorate,Computer Engineering,10,Personal computer,yes,q8,Python,"scikit-image, stardist, numpy, scipy, pandas",I wrote my own original code,8,"Other1:,AI / Machine-learning algorithm",NA,NA,NA,NA,NA,NA,NA,NA,NA,2,NA,NA,NA,1,NA,downsampling,NA,4,F_BWaeEhmRLukOdxf,F_3fldnJmSuX24MhZ,nuclei3,20.86683706,0.236463937,8.57180664,0.147452327,508.9007579,0.077657382,NA,NA,NA,NA,NA,NA,NA,NA,10.79434098,12.22834445,1.512693592,1.630358569,resizeOrRescale,NA,computerEngineering
7/15/2021 8:47,R_3lAJ9xY4kGlL99f,39,Staff Scientist,Academic - University,USA,Doctorate,Computer Engineering,10,Personal computer,yes,q9,Python,"scikit-image, pandas, numpy, scipy, stardist",I wrote my own original code,8,"Other1:,AI / Machine-learning algorithm",NA,NA,NA,NA,NA,NA,NA,NA,NA,2,NA,NA,NA,1,NA,downsampling,NA,4,F_3FWrmGGEOlOHcZW,F_1j93MqMUtUbHKA2,nuclei4,20.50029908,0.187591426,6.224062315,0.07342899,459.001214,0.04058236,NA,NA,NA,NA,NA,NA,NA,NA,11.71169325,13.72201538,1.112742701,0.94843912,resizeOrRescale,NA,computerEngineering
7/15/2021 8:47,R_3lAJ9xY4kGlL99f,39,Staff Scientist,Academic - University,USA,Doctorate,Computer Engineering,10,Personal computer,yes,q10,Python,"scikit-image, pandas, numpy, scipy",I wrote my own original code,9,"Other1:,Background subtraction,Manual threshold,Binary filter (e.g. Watershed, erode, etc.)",2,NA,NA,NA,NA,3,NA,NA,NA,NA,4,NA,NA,1,NA,normalization,NA,4,F_2flmkLdkyrYq0ky,F_211C3yH7cW0Fz6i,fish1,26.46372865,0.085835043,9.361901142,0.268025566,787.9741272,0.079205359,0,1388,1452,64,49,49,0,0.924716855,17.70472458,23.67036583,7.446193824,9.300072442,normalization,NA,computerEngineering
7/15/2021 8:47,R_3lAJ9xY4kGlL99f,39,Staff Scientist,Academic - University,USA,Doctorate,Computer Engineering,10,Personal computer,yes,q11,Python,"scikit-image, pandas, numpy, scipy",I wrote my own original code,9,"Other1:,Background subtraction,De-noising/smoothing/low-pass/averaging filter,Binary filter (e.g. Watershed, erode, etc.)",2,NA,3,NA,NA,NA,NA,NA,NA,NA,4,NA,NA,1,NA,normalization,NA,4,F_1N4UaVNKTwqWouM,F_2uwxveUQkCagy9c,fish2,21.90592511,0.496786388,12.96102003,0.968426251,647.8575953,1.184646118,2,553,1403,852,96,96,0.001332445,0.368421053,15.56736102,34.38971294,10.79661655,5.79050391,normalization,NA,computerEngineering
7/15/2021 8:47,R_3lAJ9xY4kGlL99f,39,Staff Scientist,Academic - University,USA,Doctorate,Computer Engineering,10,Personal computer,yes,q12,Python,"scikit-image, pandas, numpy, scipy",I wrote my own original code,9,"Other1:,Background subtraction,De-noising/smoothing/low-pass/averaging filter,Manual threshold,Binary filter (e.g. Watershed, erode, etc.)",2,NA,3,NA,NA,4,NA,NA,NA,NA,5,NA,NA,1,NA,normalization,NA,4,F_YXFs0zgHNFeWHxn,F_28Tgh53DaeGrkcc,fish3,15.51998019,0.178475563,12.38733173,0.353241138,394.3157725,0.156632828,1,1154,1758,605,0,0,5.69E-04,0.656054576,10.26966943,36.8201048,9.869170583,5.298488314,normalization,NA,computerEngineering
7/15/2021 8:47,R_3lAJ9xY4kGlL99f,39,Staff Scientist,Academic - University,USA,Doctorate,Computer Engineering,10,Personal computer,yes,q13,Python,"scikit-image, pandas, numpy, scipy",I wrote my own original code,9,"Other1:,Background subtraction,Manual threshold,Binary filter (e.g. Watershed, erode, etc.)",2,NA,NA,NA,NA,3,NA,NA,NA,NA,4,NA,NA,1,NA,normalization,NA,4,F_1pFpdDxKm48uB0n,F_2e3h3ekh1Qp2gs0,fish4,24.59580558,0.458149234,21.33463605,1.083287636,1060.120347,1.383412823,2,1057,1480,425,19,19,0.001332445,0.704197202,15.40177138,13.08118663,14.94161044,11.81505725,normalization,NA,computerEngineering
12/3/2021 16:56,R_3kpixa7Fm6wlFk2,13,Other,Business,USA,Masters,Compuiter/Systems Engineering,9,Personal computer,I don't have a local core facility,q6,Python,scikit-image + my own customized library,I wrote my own original code,7,"Deconvolution,Global automatic threshold,Binary image operations (e.g. closing, opening, fill holes),Binary filter (e.g. Watershed, erode, etc.)",NA,NA,NA,1,NA,NA,2,NA,NA,NA,4,3,NA,NA,NA,NA,NA,0.5,F_1FaLfW8SAepgiHA,F_2R9eDOAWNXNwJCl,nuclei1,5.182651682,0.067443176,1.954032628,0.012361921,30.67812197,0.004701399,NA,NA,NA,NA,NA,NA,NA,NA,4.898924893,4.898924893,1.572241804,1.572241804,NA,NA,computerEngineering
12/3/2021 16:56,R_3kpixa7Fm6wlFk2,13,Other,Business,USA,Masters,Compuiter/Systems Engineering,9,Personal computer,I don't have a local core facility,q7,Python,skimage + custom functions,I wrote my own original code,7,"Deconvolution,Global automatic threshold,Binary image operations (e.g. closing, opening, fill holes),Binary filter (e.g. Watershed, erode, etc.)",NA,NA,NA,1,NA,NA,2,NA,NA,NA,4,3,NA,NA,NA,NA,NA,0.5,F_1gkHnC8wDkmclgu,F_3PXmkrvBG0s0sqC,nuclei2,4.782884464,0.129174386,1.535567578,0.044710683,25.23395159,0.018685067,NA,NA,NA,NA,NA,NA,NA,NA,4.571343054,4.571343054,1.234741353,1.234741353,NA,NA,computerEngineering
12/3/2021 16:56,R_3kpixa7Fm6wlFk2,13,Other,Business,USA,Masters,Compuiter/Systems Engineering,9,Personal computer,I don't have a local core facility,q8,Python,skimage + custom library,I wrote my own original code,7,"Deconvolution,Global automatic threshold,Binary image operations (e.g. closing, opening, fill holes),Binary filter (e.g. Watershed, erode, etc.)",NA,NA,NA,1,NA,NA,2,NA,NA,NA,4,3,NA,NA,NA,NA,NA,0.5,F_1rpl0wbRO9tWVfr,F_3hrqmjMKS8xz9nX,nuclei3,5.151532874,0.129993182,1.831489856,0.053398037,29.89264604,0.019749578,NA,NA,NA,NA,NA,NA,NA,NA,5.095908958,5.095908958,1.769463878,1.769463878,NA,NA,computerEngineering
12/3/2021 16:56,R_3kpixa7Fm6wlFk2,13,Other,Business,USA,Masters,Compuiter/Systems Engineering,9,Personal computer,I don't have a local core facility,q9,Python,skimage + custom plugins,I wrote my own original code,7,"Deconvolution,Global automatic threshold,Binary image operations (e.g. closing, opening, fill holes),Binary filter (e.g. Watershed, erode, etc.)",NA,NA,NA,1,NA,NA,2,NA,NA,NA,4,3,NA,NA,NA,NA,NA,0.5,F_2dxXkVWr2lnjQHM,F_3qecP20oEoJOT22,nuclei4,6.015025048,0.142858955,2.186209989,0.059150273,40.96004044,0.023907436,NA,NA,NA,NA,NA,NA,NA,NA,4.91264094,4.91264094,1.011993848,1.011993848,NA,NA,computerEngineering
2/22/2021 12:39,R_3Rxaf07hES8CPgE,37,Core Facility Staff,Academic - University,USA,Doctorate,Biophysics,5,NA,NA,q6,NIS Elements (Nikon),GA3 analysis tool was used,No,NA,NA,NA,NA,NA,NA,NA,NA,NA,NA,NA,NA,NA,NA,NA,NA,NA,NA,NA,NA,F_12eVfDTkyixwcLb,NA,nuclei1,5.126034523,0.047184356,2.018050485,0.017658477,30.3487577,0.002538185,NA,NA,NA,NA,NA,NA,NA,NA,4.837776076,4.837776076,1.622422781,1.622422781,NA,NA,biophysics
1/6/2022 19:11,R_2q3KgZzjsLNwxgU,37,Core Facility Staff,Academic - University,USA,Doctorate,Biophysics,7,Common lab computer,yes,q10,NIS Elements (Nikon),GA3,I wrote my own original code,5,"De-noising/smoothing/low-pass/averaging filter,Other1:,Other2:,Segmentation Algorithm",NA,NA,1,NA,NA,NA,NA,NA,4,NA,NA,NA,NA,2,3,Sharpen,Mask the image for the worm,1.5,F_1AMqR3RVIa4gQDL,F_2xyf20Mf5AGKDYH,fish1,1.256769096,0.136089584,0.684254563,0.028974985,2.047672869,0.019359925,17,1453,1467,31,17,17,0.011325783,0.968021319,0.842431086,0.842431086,0.383723069,0.383723069,sharpen,masking,biophysics
1/6/2022 19:11,R_2q3KgZzjsLNwxgU,37,Core Facility Staff,Academic - University,USA,Doctorate,Biophysics,7,Common lab computer,yes,q11,NIS Elements (Nikon),NA,I wrote my own original code,5,"De-noising/smoothing/low-pass/averaging filter,Other1:,Other2:,Segmentation Algorithm",NA,NA,1,NA,NA,NA,NA,NA,4,NA,NA,NA,NA,2,3,Sharpen,Mask the image for the worm,0,F_3iIlCX8hFZEi2VQ,F_AM6zlYp6gyVby81,fish2,1.425374982,0.138846168,0.90180328,0.033648327,2.844942996,0.020410468,52,1431,1422,43,27,27,0.034643571,0.953364424,0.958613212,0.958613212,0.607534729,0.607534729,sharpen,masking,biophysics
1/6/2022 19:11,R_2q3KgZzjsLNwxgU,37,Core Facility Staff,Academic - University,USA,Doctorate,Biophysics,7,Common lab computer,yes,q12,NIS Elements (Nikon),NA,I wrote my own original code,5,"De-noising/smoothing/low-pass/averaging filter,Other1:,Segmentation Algorithm",NA,NA,1,NA,NA,NA,NA,NA,3,NA,NA,NA,NA,2,NA,Mask the image for the worm,NA,0,F_2DYTCNBwXoD4ZO2,F_1jrKRXcd94PlGYy,fish3,1.604866035,0.14259053,0.729347614,0.029935681,3.107542934,0.021228204,9,1408,1442,43,50,50,0.005996003,0.938041306,1.07739279,1.07739279,0.448961245,0.448961245,masking,NA,biophysics
1/6/2022 19:11,R_2q3KgZzjsLNwxgU,37,Core Facility Staff,Academic - University,USA,Doctorate,Biophysics,7,Common lab computer,yes,q13,NIS Elements (Nikon),NA,I wrote my own original code,5,"De-noising/smoothing/low-pass/averaging filter,Other1:,Segmentation Algorithm",NA,NA,1,NA,NA,NA,NA,NA,3,NA,NA,NA,NA,2,NA,Mask the image for the worm,NA,0,F_sOu0ar3LC7UM2OJ,F_3KHDdFIma4bPaWV,fish4,1.506897945,0.138899232,0.850403889,0.029653306,2.993928192,0.020172315,29,1391,1407,45,65,65,0.019320453,0.926715523,1.052445127,1.052445127,0.599343769,0.599343769,masking,NA,biophysics
1/6/2022 14:32,R_2rCMx6wAGE7bFJh,16,Core Facility Staff,Academic - University,USA,Doctorate,Biochemistry and Molecular Biology,7,Core facility workstation,yes,q6,"Imaris (Bitplane),NIS Elements (Nikon)",NA,No,7,"De-noising/smoothing/low-pass/averaging filter,Background subtraction,Local automatic threshold,Other1:",2,NA,1,NA,NA,NA,NA,3,NA,NA,NA,NA,NA,4,NA,Surface creation Imaris,NA,0.5,F_esRtJzQOsAO5G9z,F_cFQ1Kqtyb0UfFND,nuclei1,1.885372895,0.099812468,1.029739291,0.040795976,4.614993961,0.011626841,NA,NA,NA,NA,NA,NA,NA,NA,1.885372895,1.885372895,1.029739291,1.029739291,surfaceCreationImaris,NA,biology
1/6/2022 14:32,R_2rCMx6wAGE7bFJh,16,Core Facility Staff,Academic - University,USA,Doctorate,Biochemistry and Molecular Biology,7,Core facility workstation,yes,q7,"Imaris (Bitplane),NIS Elements (Nikon)",NA,No,8,"De-noising/smoothing/low-pass/averaging filter,Local automatic threshold,Background subtraction,Other1:",3,NA,1,NA,NA,NA,NA,2,NA,NA,NA,NA,NA,4,NA,Imaris surface creation,NA,0.5,F_2e25SaPVNYpFDXw,F_3M4HetnYFAnBBNs,nuclei2,5.784378497,0.209474631,1.325985085,0.051812056,35.21727104,0.04656411,NA,NA,NA,NA,NA,NA,NA,NA,5.147305867,5.147305867,0.852983631,0.852983631,surfaceCreationImaris,NA,biology
1/6/2022 14:32,R_2rCMx6wAGE7bFJh,16,Core Facility Staff,Academic - University,USA,Doctorate,Biochemistry and Molecular Biology,7,Core facility workstation,yes,q8,"Imaris (Bitplane),NIS Elements (Nikon)",NA,No,7,"De-noising/smoothing/low-pass/averaging filter,Background subtraction,Local automatic threshold,Other1:",2,NA,1,NA,NA,NA,NA,3,NA,NA,NA,NA,NA,4,NA,Imaris surface creation,NA,0.5,F_wNTFfXd4rp0IOPf,F_2fpLDhLTcePzEI2,nuclei3,5.947911202,0.227224724,1.275063381,0.09046208,37.0034343,0.059814463,NA,NA,NA,NA,NA,NA,NA,NA,5.947911202,5.947911202,1.275063381,1.275063381,surfaceCreationImaris,NA,biology
1/6/2022 14:32,R_2rCMx6wAGE7bFJh,16,Core Facility Staff,Academic - University,USA,Doctorate,Biochemistry and Molecular Biology,7,Core facility workstation,yes,q9,"Imaris (Bitplane),NIS Elements (Nikon)",NA,No,7,"De-noising/smoothing/low-pass/averaging filter,Background subtraction,Local automatic threshold,Other1:",2,NA,1,NA,NA,NA,NA,3,NA,NA,NA,NA,NA,4,NA,Imaris surface creation,NA,0.5,F_3MiElNEMgmR5IS7,F_33eGeRepfmFZxPk,nuclei4,12.26242479,0.234991887,2.254730599,0.120646021,155.4508718,0.069776649,NA,NA,NA,NA,NA,NA,NA,NA,7.391773064,7.391773064,3.184314238,3.184314238,surfaceCreationImaris,NA,biology
1/6/2022 14:32,R_2rCMx6wAGE7bFJh,16,Core Facility Staff,Academic - University,USA,Doctorate,Biochemistry and Molecular Biology,7,Core facility workstation,yes,q10,"Imaris (Bitplane),NIS Elements (Nikon)",NA,No,8,"Deconvolution,Local automatic threshold,Other1:",NA,NA,NA,1,NA,NA,NA,2,NA,NA,NA,NA,NA,3,NA,Imaris surface creation,NA,0.5,F_1FrzjJqY6zRRVbU,F_wYPmTvE5Eka7Dih,fish1,1.057288219,0.150977423,0.549967491,0.090221024,1.420322619,0.030934015,32,902,1305,435,164,164,0.021319121,0.600932712,0.8436802,0.8436802,0.371204681,0.371204681,surfaceCreationImaris,NA,biology
1/6/2022 14:32,R_2rCMx6wAGE7bFJh,16,Core Facility Staff,Academic - University,USA,Doctorate,Biochemistry and Molecular Biology,7,Core facility workstation,yes,q11,"Imaris (Bitplane),AutoQuantX",NA,No,8,"Deconvolution,Local automatic threshold,Other1:",NA,NA,NA,1,NA,NA,NA,2,NA,NA,NA,NA,NA,3,NA,Imaris surface creation,NA,0.5,F_3su1jPVvaPf7b0a,F_3kNisIfa0Oqh9eK,fish2,1.24684199,0.07876863,0.819913971,0.060124801,2.226873869,0.009819489,75,1275,1261,61,165,165,0.049966689,0.849433711,0.942590214,0.942590214,0.580211096,0.580211096,surfaceCreationImaris,NA,biology
1/6/2022 14:32,R_2rCMx6wAGE7bFJh,16,Core Facility Staff,Academic - University,USA,Doctorate,Biochemistry and Molecular Biology,7,Core facility workstation,yes,q12,"Imaris (Bitplane),AutoQuantX",NA,No,6,"Deconvolution,Local automatic threshold,Other1:",NA,NA,NA,1,NA,NA,NA,2,NA,NA,NA,NA,NA,3,NA,Imaris surface creation,NA,0.5,F_OwpjEGdmKb0AjFT,F_ZDyINxNRMoG3HMt,fish3,1.345252189,0.108334489,0.63800112,0.068283641,2.216748883,0.016399017,10,1127,1269,152,222,222,0.006662225,0.750832778,1.062877291,1.062877291,0.439175133,0.439175133,surfaceCreationImaris,NA,biology
1/6/2022 14:32,R_2rCMx6wAGE7bFJh,16,Core Facility Staff,Academic - University,USA,Doctorate,Biochemistry and Molecular Biology,7,Core facility workstation,yes,q13,"Imaris (Bitplane),AutoQuantX",NA,No,6,"Deconvolution,Local automatic threshold,Other1:",NA,NA,NA,1,NA,NA,NA,2,NA,NA,NA,NA,NA,3,NA,Imaris surface creation,NA,0.5,F_2dDXRqH4Lnhimz1,F_DxaP7tDV3Enfrbz,fish4,1.22050101,0.143038029,0.69724134,0.093016684,1.975768203,0.029111981,30,881,1092,241,379,379,0.019986676,0.586942039,1.040237343,1.040237343,0.580151658,0.580151658,surfaceCreationImaris,NA,biology
2/3/2021 15:58,R_2cC2iQifrFmuClP,20,Core Facility Staff,Academic - University,USA,Doctorate,Analytical Chemistry,5,NA,NA,q6,Imaris (Bitplane),Cells,No,NA,NA,NA,NA,NA,NA,NA,NA,NA,NA,NA,NA,NA,NA,NA,NA,NA,NA,NA,NA,F_sERUyUbCtcTEVvr,NA,nuclei1,5.012652791,0.179575043,2.009435237,0.139199192,29.16451798,0.051623611,NA,NA,NA,NA,NA,NA,NA,NA,4.784525296,4.784525296,1.691279089,1.691279089,NA,NA,chemistry
3/12/2021 17:46,R_1M6DoAmYEY3Jrvm,36,Core Facility Staff,Academic - not University,USA,Doctorate,Bioengineering,9,Core facility workstation,yes,q6,Imaris (Bitplane),Surfaces,No,9,"De-noising/smoothing/low-pass/averaging filter,Manual threshold,Other2:,Other1:,Exclusion of outliers based on size",NA,NA,1,NA,NA,2,NA,NA,NA,NA,NA,NA,5,4,3,"Exclusion based on ""Quality""",Split touching objects,0,F_3KZznlcEX9MU77O,F_29cTiHTLs0WjUQP,nuclei1,5.034552026,0.140868726,1.994694627,0.11141857,29.32552076,0.032258096,NA,NA,NA,NA,NA,NA,NA,NA,4.804837321,4.804837321,1.674427541,1.674427541,thresholdImarisQuality,splitTouchingObjects,bioengineering
3/12/2021 17:46,R_1M6DoAmYEY3Jrvm,36,Core Facility Staff,Academic - not University,USA,Doctorate,Bioengineering,9,Core facility workstation,yes,q7,Imaris (Bitplane),Surfaces,No,6,"De-noising/smoothing/low-pass/averaging filter,Background subtraction,Manual threshold,Other1:,Other2:,Exclusion of outliers based on size",2,NA,1,NA,NA,3,NA,NA,NA,NA,NA,NA,6,4,5,Split touching objects,Quality filter,0,F_2QtCaoF0YYzZZmr,F_2QLhXS7rpgbVikN,nuclei2,4.686446778,0.206516867,1.55087904,0.070976233,24.3680092,0.047686842,NA,NA,NA,NA,NA,NA,NA,NA,4.386789831,4.386789831,1.137641185,1.137641185,splitTouchingObjects,thresholdImarisQuality,bioengineering
3/12/2021 17:46,R_1M6DoAmYEY3Jrvm,36,Core Facility Staff,Academic - not University,USA,Doctorate,Bioengineering,9,Core facility workstation,yes,q8,Imaris (Bitplane),Surfaces,No,8,"De-noising/smoothing/low-pass/averaging filter,Manual threshold,Other1:",NA,NA,1,NA,NA,2,NA,NA,NA,NA,NA,NA,NA,3,NA,Split touching objects,NA,0,F_1EafdQWfhJ55KFs,F_TiNJUfcTabILxct,nuclei3,NA,NA,NA,NA,NA,NA,NA,NA,NA,NA,NA,NA,NA,NA,NA,NA,NA,NA,splitTouchingObjects,NA,bioengineering
3/12/2021 17:46,R_1M6DoAmYEY3Jrvm,36,Core Facility Staff,Academic - not University,USA,Doctorate,Bioengineering,9,Core facility workstation,yes,q9,Imaris (Bitplane),Surfaces,No,8,"De-noising/smoothing/low-pass/averaging filter,Background subtraction,Manual threshold,Other1:,Other2:,Exclusion of outliers based on size",2,NA,1,NA,NA,3,NA,NA,NA,NA,NA,NA,6,4,5,Split touching objects,Quality filter,0,F_2cnG4eUSnXVJs2X,F_2aUCszKP0YIOoDw,nuclei4,5.7744442,0.283773268,2.430446253,0.130717061,39.25127481,0.097614218,NA,NA,NA,NA,NA,NA,NA,NA,4.748137182,4.748137182,1.324489156,1.324489156,splitTouchingObjects,thresholdImarisQuality,bioengineering
3/12/2021 17:46,R_1M6DoAmYEY3Jrvm,36,Core Facility Staff,Academic - not University,USA,Doctorate,Bioengineering,9,Core facility workstation,yes,q10,Imaris (Bitplane),Spots,No,9,"De-noising/smoothing/low-pass/averaging filter,Other1:",NA,NA,1,NA,NA,NA,NA,NA,NA,NA,NA,NA,NA,2,NA,Quality Filter,NA,0,F_2rkBc5ZFPcP0Iyl,F_1I4s1fpf6rpLmY6,fish1,1.149793131,0.050802185,0.670606053,0.021281875,1.771736722,0.00303378,122,1480,1358,0,21,21,0.081279147,0.986009327,0.801012205,0.801012205,0.398545562,0.398545562,thresholdImarisQuality,NA,bioengineering
3/12/2021 17:46,R_1M6DoAmYEY3Jrvm,36,Core Facility Staff,Academic - not University,USA,Doctorate,Bioengineering,9,Core facility workstation,yes,q11,Imaris (Bitplane),Spots,No,8,"De-noising/smoothing/low-pass/averaging filter,Other1:",NA,NA,1,NA,NA,NA,NA,NA,NA,NA,NA,NA,NA,2,NA,Quality Filter,NA,0,F_1r7mhVbTTM6Phxq,F_31Z9JuUpIT5QGDI,fish2,1.293433986,0.055864322,0.867630187,0.024889884,2.425753618,0.003740329,212,1449,1239,2,50,50,0.141239174,0.965356429,0.896601886,0.896601886,0.604549015,0.604549015,thresholdImarisQuality,NA,bioengineering
3/12/2021 17:46,R_1M6DoAmYEY3Jrvm,36,Core Facility Staff,Academic - not University,USA,Doctorate,Bioengineering,9,Core facility workstation,yes,q12,Imaris (Bitplane),Spots,No,6,"De-noising/smoothing/low-pass/averaging filter,Other1:",NA,NA,1,NA,NA,NA,NA,NA,NA,NA,NA,NA,NA,2,NA,Quality Filter,NA,0,F_3n30Eb1ngnEuxS0,F_3G2OxEhXZzeDRSh,fish3,1.564053206,0.058763895,0.723633016,0.025960585,2.969907174,0.004127147,36,1484,1448,0,17,17,0.023984011,0.988674217,1.042641525,1.042641525,0.45443853,0.45443853,thresholdImarisQuality,NA,bioengineering
3/12/2021 17:46,R_1M6DoAmYEY3Jrvm,36,Core Facility Staff,Academic - not University,USA,Doctorate,Bioengineering,9,Core facility workstation,yes,q13,Imaris (Bitplane),Spots,No,4,"De-noising/smoothing/low-pass/averaging filter,Other1:",NA,NA,1,NA,NA,NA,NA,NA,NA,NA,NA,NA,NA,2,NA,Quality Filter,NA,0,F_2R8uDszXiHZFFBT,F_0cTuz0QSF5LZTNf,fish4,1.434091947,0.064761478,0.839625983,0.089089441,2.761591504,0.012130977,95,1448,1354,1,52,52,0.063291139,0.964690207,1.004984796,1.004984796,0.602713827,0.602713827,thresholdImarisQuality,NA,bioengineering
6/29/2021 7:08,R_22s3aTqiX7gbY4u,26,Core Facility Staff,Academic - not University,Germany,Masters,Molecular Cell Biology,7,Core facility workstation,yes,q6,Imaris (Bitplane),NA,No,8,"De-noising/smoothing/low-pass/averaging filter,Manual threshold,Exclusion of outliers based on size",NA,NA,1,NA,NA,2,NA,NA,NA,NA,NA,NA,3,NA,NA,NA,NA,0.5,F_2ypVzVoMuc6AV2E,F_1zQkqiPkE0lyjwB,nuclei1,5.024783187,0.165327124,1.990731726,0.126761873,29.21145888,0.043401631,NA,NA,NA,NA,NA,NA,NA,NA,4.806895864,4.806895864,1.687899847,1.687899847,NA,NA,biology
6/29/2021 7:08,R_22s3aTqiX7gbY4u,26,Core Facility Staff,Academic - not University,Germany,Masters,Molecular Cell Biology,7,Core facility workstation,yes,q10,Imaris (Bitplane),NA,No,8,"Background subtraction,Global automatic threshold,Segmentation Algorithm,Exclusion of outliers based on size",1,NA,NA,NA,NA,NA,2,NA,3,NA,NA,NA,4,NA,NA,NA,NA,0.5,F_rdKB7E7ug1q68Jr,F_3KIQrvoXBktHVea,fish1,1.116746358,0.050521208,0.655726598,0.023578341,1.677099799,0.003108331,118,1463,1346,1,37,37,0.078614257,0.974683544,0.799515583,0.799515583,0.39834416,0.39834416,NA,NA,biology
6/29/2021 7:08,R_22s3aTqiX7gbY4u,26,Core Facility Staff,Academic - not University,Germany,Masters,Molecular Cell Biology,7,Core facility workstation,yes,q11,Imaris (Bitplane),NA,No,8,"Background subtraction,Global automatic threshold,Segmentation Algorithm,Exclusion of outliers based on size",1,NA,NA,NA,NA,NA,2,NA,3,NA,NA,NA,4,NA,NA,NA,NA,0.5,F_1rGnO39qPyiG038,F_3sgzY8IGZQSLm8h,fish2,1.209778359,0.084436173,0.847247994,0.038588902,2.181392841,0.008618571,201,1366,1181,16,119,119,0.133910726,0.91005996,0.896892288,0.896892288,0.607769462,0.607769462,NA,NA,biology
6/29/2021 7:08,R_22s3aTqiX7gbY4u,26,Core Facility Staff,Academic - not University,Germany,Masters,Molecular Cell Biology,7,Core facility workstation,yes,q12,Imaris (Bitplane),NA,No,8,"Background subtraction,Global automatic threshold,Segmentation Algorithm,Exclusion of outliers based on size",1,NA,NA,NA,NA,NA,2,NA,3,NA,NA,NA,4,NA,NA,NA,NA,0.5,F_2pXhp03eChPM882,F_33EzPS12G3T2vcC,fish3,1.43474458,0.057391874,0.691159854,0.026728662,2.536193954,0.004008249,34,1411,1377,0,90,90,0.022651566,0.940039973,1.040723302,1.040723302,0.454166143,0.454166143,NA,NA,biology
6/29/2021 7:08,R_22s3aTqiX7gbY4u,26,Core Facility Staff,Academic - not University,Germany,Masters,Molecular Cell Biology,7,Core facility workstation,yes,q13,Imaris (Bitplane),NA,No,8,"Background subtraction,Global automatic threshold,Segmentation Algorithm,Exclusion of outliers based on size",1,NA,NA,NA,NA,NA,2,NA,3,NA,NA,NA,4,NA,NA,NA,NA,0.5,F_DA9QzLK2hR3GiI1,F_3qs8gt5TUjDzH5j,fish4,1.330861539,0.076121655,0.809115445,0.151226966,2.425860241,0.028664102,91,1357,1272,6,138,138,0.060626249,0.904063957,1.014988637,1.014988637,0.603217412,0.603217412,NA,NA,biology
7/8/2021 16:57,R_tY87q7yGKRqww5X,38,"Faculty/Principal Investigator,Core Facility Staff",Academic - University,USA,Doctorate,Cell Biology,8,Core facility workstation,yes,q6,Imaris (Bitplane),none,No,9,"Background subtraction,Local automatic threshold,Exclusion of outliers based on size",1,NA,NA,NA,NA,NA,NA,2,NA,NA,NA,NA,3,NA,NA,NA,NA,0.5,F_3oX5Ze5tsbUuMV5,F_3OknNbygeF1KQFX,nuclei1,5.004567456,0.122088121,1.903933977,0.053635118,28.67066001,0.017782235,NA,NA,NA,NA,NA,NA,NA,NA,4.858266333,4.858266333,1.697604692,1.697604692,NA,NA,biology
7/8/2021 16:57,R_tY87q7yGKRqww5X,38,"Faculty/Principal Investigator,Core Facility Staff",Academic - University,USA,Doctorate,Cell Biology,8,Core facility workstation,yes,q7,Imaris (Bitplane),none,No,10,"Background subtraction,Local automatic threshold,Binary filter (e.g. Watershed, erode, etc.),Exclusion of outliers based on size",1,NA,NA,NA,NA,NA,NA,2,NA,NA,3,NA,4,NA,NA,NA,NA,0.5,F_2s7QClijG5LuBOr,F_2nliqVKdwWxlKBr,nuclei2,4.644644165,0.194080709,1.389888662,0.052403435,23.50450991,0.040413442,NA,NA,NA,NA,NA,NA,NA,NA,4.472608406,4.472608406,1.138766572,1.138766572,NA,NA,biology
7/8/2021 16:57,R_tY87q7yGKRqww5X,38,"Faculty/Principal Investigator,Core Facility Staff",Academic - University,USA,Doctorate,Cell Biology,8,Core facility workstation,yes,q8,Imaris (Bitplane),none,No,9,"Background subtraction,Local automatic threshold,Binary filter (e.g. Watershed, erode, etc.),Exclusion of outliers based on size",1,NA,NA,NA,NA,NA,NA,2,NA,NA,3,NA,4,NA,NA,NA,NA,0.5,F_3exY8wjsAAbLDCD,F_1Naa8zlVmYAPamQ,nuclei3,5.055249788,0.190585403,1.705354301,0.061817887,28.46378371,0.040144247,NA,NA,NA,NA,NA,NA,NA,NA,5.037971045,5.037971045,1.68529229,1.68529229,NA,NA,biology
7/8/2021 16:57,R_tY87q7yGKRqww5X,38,"Faculty/Principal Investigator,Core Facility Staff",Academic - University,USA,Doctorate,Cell Biology,8,Core facility workstation,yes,q9,Imaris (Bitplane),none,No,9,"Background subtraction,Local automatic threshold,Binary filter (e.g. Watershed, erode, etc.),Exclusion of outliers based on size",1,NA,NA,NA,NA,NA,NA,2,NA,NA,3,NA,4,NA,NA,NA,NA,0.5,F_2z6Afj9eg5zI60k,F_Z7EByi6CjttA2eR,nuclei4,5.67918636,0.293618263,2.047923672,0.083816227,36.44714908,0.093236844,NA,NA,NA,NA,NA,NA,NA,NA,5.021012335,5.021012335,1.317914149,1.317914149,NA,NA,biology
7/8/2021 16:57,R_tY87q7yGKRqww5X,38,"Faculty/Principal Investigator,Core Facility Staff",Academic - University,USA,Doctorate,Cell Biology,8,Core facility workstation,yes,q10,Imaris (Bitplane),none,No,8,"Background subtraction,Local automatic threshold,Binary filter (e.g. Watershed, erode, etc.),Exclusion of outliers based on size",1,NA,NA,NA,NA,NA,NA,2,NA,NA,3,NA,4,NA,NA,NA,NA,0.5,F_2uDHKML6rDTrCfm,F_3Def8FVwNtzbKsP,fish1,1.156152366,0.053951912,0.681964261,0.025093049,1.801763546,0.00354047,110,1484,1374,0,17,17,0.073284477,0.988674217,0.799204273,0.799204273,0.398293687,0.398293687,NA,NA,biology
7/8/2021 16:57,R_tY87q7yGKRqww5X,38,"Faculty/Principal Investigator,Core Facility Staff",Academic - University,USA,Doctorate,Cell Biology,8,Core facility workstation,yes,q11,Imaris (Bitplane),none,No,9,"Background subtraction,Local automatic threshold,Binary filter (e.g. Watershed, erode, etc.),Exclusion of outliers based on size",1,NA,NA,NA,NA,NA,NA,2,NA,NA,3,NA,4,NA,NA,NA,NA,0.5,F_1pDyLjolpA3Lo1x,F_1itk8YwbwUEUMyo,fish2,1.327487883,0.053619311,0.883586746,0.026160094,2.542949616,0.003559381,196,1475,1283,4,22,22,0.130579614,0.982678215,0.901122793,0.901122793,0.607070638,0.607070638,NA,NA,biology
7/8/2021 16:57,R_tY87q7yGKRqww5X,38,"Faculty/Principal Investigator,Core Facility Staff",Academic - University,USA,Doctorate,Cell Biology,8,Core facility workstation,yes,q12,Imaris (Bitplane),none,No,7,"Background subtraction,Local automatic threshold,Binary filter (e.g. Watershed, erode, etc.),Exclusion of outliers based on size",1,NA,NA,NA,NA,NA,NA,2,NA,NA,3,NA,4,NA,NA,NA,NA,0.5,F_XBuAMPUVhHa7SEx,F_2teSVQEO7BzzPh9,fish3,1.745711571,0.334356645,2.359959749,2.563765899,8.616918906,6.684689953,31,1441,1442,32,28,28,0.020652898,0.960026649,1.235546198,1.235546198,2.148377444,2.148377444,NA,NA,biology
7/8/2021 16:57,R_tY87q7yGKRqww5X,38,"Faculty/Principal Investigator,Core Facility Staff",Academic - University,USA,Doctorate,Cell Biology,8,Core facility workstation,yes,q13,Imaris (Bitplane),none,No,7,"Background subtraction,Local automatic threshold,Binary filter (e.g. Watershed, erode, etc.),Exclusion of outliers based on size",1,NA,NA,NA,NA,NA,NA,2,NA,NA,3,NA,4,NA,NA,NA,NA,0.5,F_1FQBbozT4fGnJZF,F_CkLjBChWnAWycyR,fish4,1.74210026,0.391579878,3.160123334,3.228954282,13.0212928,10.57948056,87,1443,1387,31,27,27,0.057961359,0.961359094,1.284135853,1.284135853,3.034602722,3.034602722,NA,NA,biology
11/25/2021 11:32,R_3j9w1bGwWGd8yOC,19,Core Facility Staff,Academic - University,Chile,Masters,Mathematics,8,Core facility workstation,yes,q7,Imaris (Bitplane),Imaris basic tools,No,8,"De-noising/smoothing/low-pass/averaging filter,Segmentation Algorithm,Manual threshold",NA,NA,1,NA,NA,3,NA,NA,2,NA,NA,NA,NA,NA,NA,NA,NA,0,F_u7VK6SAo368ACLn,F_2QK8fggXXi7qRfx,nuclei2,4.668763579,0.280387024,1.760388235,0.088527041,24.8963201,0.08645392,NA,NA,NA,NA,NA,NA,NA,NA,4.244556139,4.244556139,1.208720429,1.208720429,NA,NA,math
11/25/2021 11:32,R_3j9w1bGwWGd8yOC,19,Core Facility Staff,Academic - University,Chile,Masters,Mathematics,8,Core facility workstation,yes,q8,Imaris (Bitplane),Imaris basic tools,No,8,"De-noising/smoothing/low-pass/averaging filter,Segmentation Algorithm,Manual threshold",NA,NA,1,NA,NA,3,NA,NA,2,NA,NA,NA,NA,NA,NA,NA,NA,0,F_3hmdwVEFsgDBYyy,F_25HePX3fZsf4GVB,nuclei3,5.078000047,0.343209957,1.920785771,0.149298182,29.47550245,0.140083022,NA,NA,NA,NA,NA,NA,NA,NA,4.901745596,4.901745596,1.734860891,1.734860891,NA,NA,math
11/25/2021 11:32,R_3j9w1bGwWGd8yOC,19,Core Facility Staff,Academic - University,Chile,Masters,Mathematics,8,Core facility workstation,yes,q10,Imaris (Bitplane),Imaris basic tools,No,9,"Segmentation Algorithm,Manual threshold",NA,NA,NA,NA,NA,2,NA,NA,1,NA,NA,NA,NA,NA,NA,NA,NA,0,F_VUpAsB357wKPeQp,F_2Eh3gySWn2kG0Qm,fish1,1.144148229,0.051004305,0.668692258,0.02187132,1.756224505,0.003079794,121,1477,1356,0,24,24,0.080612925,0.98401066,0.801532029,0.801532029,0.398672265,0.398672265,NA,NA,math
11/25/2021 11:32,R_3j9w1bGwWGd8yOC,19,Core Facility Staff,Academic - University,Chile,Masters,Mathematics,8,Core facility workstation,yes,q11,Imaris (Bitplane),Imaris basic tools,No,9,"De-noising/smoothing/low-pass/averaging filter,Segmentation Algorithm,Manual threshold",NA,NA,1,NA,NA,3,NA,NA,2,NA,NA,NA,NA,NA,NA,NA,NA,0,F_rpVDmhq70BnVMpr,F_2dLp35nTm8qKbxD,fish2,1.288663524,0.054456411,0.87103859,0.024519393,2.419361902,0.003566701,209,1444,1237,2,55,55,0.139240506,0.962025316,0.89689203,0.89689203,0.604518035,0.604518035,NA,NA,math
11/25/2021 11:32,R_3j9w1bGwWGd8yOC,19,Core Facility Staff,Academic - University,Chile,Masters,Mathematics,8,Core facility workstation,yes,q12,Imaris (Bitplane),Imaris basic tools,No,9,"De-noising/smoothing/low-pass/averaging filter,Segmentation Algorithm,Manual threshold",NA,NA,1,NA,NA,3,NA,NA,2,NA,NA,NA,NA,NA,NA,NA,NA,0,F_1rqX4dBYJWHbO52,F_PUli5DbxBwByV2h,fish3,1.545342811,0.058293194,0.717763199,0.025440787,2.903268414,0.00404533,35,1469,1434,0,32,32,0.023317788,0.978680879,1.042685584,1.042685584,0.45279017,0.45279017,NA,NA,math
11/25/2021 11:32,R_3j9w1bGwWGd8yOC,19,Core Facility Staff,Academic - University,Chile,Masters,Mathematics,8,Core facility workstation,yes,q13,Imaris (Bitplane),Imaris basic tools,No,8,"De-noising/smoothing/low-pass/averaging filter,Segmentation Algorithm,Manual threshold",NA,NA,1,NA,NA,3,NA,NA,2,NA,NA,NA,NA,NA,NA,NA,NA,0.5,F_yO1QkKbOhHXRv8t,F_zebqmpf859sllRf,fish4,1.492614504,0.121299691,0.891539511,0.50221519,3.022740756,0.266933712,93,1441,1376,28,32,32,0.061958694,0.960026649,1.012639002,1.012639002,0.607830475,0.607830475,NA,NA,math
1/5/2022 9:08,R_24Nwgngl83ucQ8B,11,Core Facility Staff,Academic - University,USA,Doctorate,"Microbiology, Immunology, and Cell Biology",6,Core facility workstation,yes,q6,Imaris (Bitplane),NA,No,7,"De-noising/smoothing/low-pass/averaging filter,Segmentation Algorithm,Binary filter (e.g. Watershed, erode, etc.),Exclusion of outliers based on size",NA,NA,1,NA,NA,NA,NA,NA,2,NA,3,NA,4,NA,NA,NA,NA,3,F_1KdJW0rQnU2E25b,F_bj7HrvFRItbzQ4N,nuclei1,NA,NA,NA,NA,NA,NA,NA,NA,NA,NA,NA,NA,NA,NA,NA,NA,NA,NA,NA,NA,biology
1/5/2022 9:08,R_24Nwgngl83ucQ8B,11,Core Facility Staff,Academic - University,USA,Doctorate,"Microbiology, Immunology, and Cell Biology",6,Core facility workstation,yes,q9,Imaris (Bitplane),NA,No,5,"De-noising/smoothing/low-pass/averaging filter,Local automatic threshold,Manual threshold,Segmentation Algorithm,Binary image operations (e.g. closing, opening, fill holes)",NA,NA,1,NA,NA,3,NA,2,4,NA,NA,5,NA,NA,NA,NA,NA,2,F_2VmgjR4ddjZxmiB,F_2D6PukzbpcMy8bE,nuclei4,10.98155626,6.717940236,6.448030013,1.051566741,162.171669,46.23651362,NA,NA,NA,NA,NA,NA,NA,NA,8.625919346,8.625919346,2.563675888,2.563675888,NA,NA,biology
1/5/2022 9:08,R_24Nwgngl83ucQ8B,11,Core Facility Staff,Academic - University,USA,Doctorate,"Microbiology, Immunology, and Cell Biology",6,Core facility workstation,yes,q10,Imaris (Bitplane),NA,No,8,"De-noising/smoothing/low-pass/averaging filter,Global automatic threshold,Manual threshold",NA,NA,1,NA,NA,3,2,NA,NA,NA,NA,NA,NA,NA,NA,NA,NA,0.5,F_TwqKwV8lsPW3NFn,F_3HIfZVlweA2d5Gi,fish1,NA,NA,NA,NA,NA,NA,NA,NA,NA,NA,NA,NA,NA,NA,NA,NA,NA,NA,NA,NA,biology
1/5/2022 9:08,R_24Nwgngl83ucQ8B,11,Core Facility Staff,Academic - University,USA,Doctorate,"Microbiology, Immunology, and Cell Biology",6,Core facility workstation,yes,q13,Imaris (Bitplane),NA,No,4,"Global automatic threshold,Manual threshold,Exclusion of outliers based on size",NA,NA,NA,NA,NA,2,1,NA,NA,NA,NA,NA,3,NA,NA,NA,NA,2,F_RC7VVWN4x3SaVHP,F_vuFkATxAuUTMoHT,fish4,NA,NA,NA,NA,NA,NA,NA,NA,NA,NA,NA,NA,NA,NA,NA,NA,NA,NA,NA,NA,biology
1/5/2022 10:25,R_1F9A4K8LNlJoksJ,11,Core Facility Staff,Academic - University,USA,Doctorate,"Microbiology, Immunology, and Cell Biology",6,Core facility workstation,yes,q6,Imaris (Bitplane),NA,No,7,"Global automatic threshold,Manual threshold",NA,NA,NA,NA,NA,2,1,NA,NA,NA,NA,NA,NA,NA,NA,NA,NA,0.5,F_1IouWVoRmMEU8rA,F_2pRZrteZvJQNx6k,nuclei1,5.02355466,0.194401033,1.980915907,0.136225828,29.16012925,0.056349238,NA,NA,NA,NA,NA,NA,NA,NA,4.817656541,4.817656541,1.695658899,1.695658899,NA,NA,biology
1/27/2022 17:45,R_1qdHCwPCdNvs9xi,12,Core Facility Staff,Academic - University,USA,Doctorate,"Molecular, Cell and Developmental Biology",8,Core facility workstation,yes,q6,Imaris (Bitplane),NA,No,8,Segmentation Algorithm,NA,NA,NA,NA,NA,NA,NA,NA,1,NA,NA,NA,NA,NA,NA,NA,NA,0.5,F_1Du8d3gCGEXi3ki,F_3mAMsidEjSdeg3n,nuclei1,5.019555183,0.113766986,1.948241125,0.062774567,28.99157772,0.016883573,NA,NA,NA,NA,NA,NA,NA,NA,4.831074327,4.831074327,1.683072519,1.683072519,NA,NA,biology
1/27/2022 17:45,R_1qdHCwPCdNvs9xi,12,Core Facility Staff,Academic - University,USA,Doctorate,"Molecular, Cell and Developmental Biology",8,Core facility workstation,yes,q7,Imaris (Bitplane),NA,No,8,Segmentation Algorithm,NA,NA,NA,NA,NA,NA,NA,NA,1,NA,NA,NA,NA,NA,NA,NA,NA,0.5,F_0IEAd6ezJuiwhJD,F_2PA2n2Hp0qgZ9bK,nuclei2,4.632338332,0.286663085,1.676490258,0.08280392,24.26917801,0.089032213,NA,NA,NA,NA,NA,NA,NA,NA,4.281096814,4.281096814,1.207488046,1.207488046,NA,NA,biology
1/27/2022 17:45,R_1qdHCwPCdNvs9xi,12,Core Facility Staff,Academic - University,USA,Doctorate,"Molecular, Cell and Developmental Biology",8,Core facility workstation,yes,q8,Imaris (Bitplane),NA,No,8,Segmentation Algorithm,NA,NA,NA,NA,NA,NA,NA,NA,1,NA,NA,NA,NA,NA,NA,NA,NA,0.5,F_8Dq1m5JKxhA64xP,F_39P0CnowoYM93d7,nuclei3,5.049804629,0.210423654,1.825984346,0.084248792,28.83474562,0.051375973,NA,NA,NA,NA,NA,NA,NA,NA,4.960653628,4.960653628,1.727579971,1.727579971,NA,NA,biology
1/27/2022 17:45,R_1qdHCwPCdNvs9xi,12,Core Facility Staff,Academic - University,USA,Doctorate,"Molecular, Cell and Developmental Biology",8,Core facility workstation,yes,q9,Imaris (Bitplane),NA,No,8,Segmentation Algorithm,NA,NA,NA,NA,NA,NA,NA,NA,1,NA,NA,NA,NA,NA,NA,NA,NA,0.5,F_2w6mt6nGQCJhXpk,F_3p6bxriQL41ejXV,nuclei4,5.755840487,0.265823558,2.342952424,0.114879595,38.61912577,0.083859485,NA,NA,NA,NA,NA,NA,NA,NA,4.819782978,4.819782978,1.328083341,1.328083341,NA,NA,biology
1/27/2022 17:45,R_1qdHCwPCdNvs9xi,12,Core Facility Staff,Academic - University,USA,Doctorate,"Molecular, Cell and Developmental Biology",8,Core facility workstation,yes,q10,Imaris (Bitplane),NA,No,8,Segmentation Algorithm,NA,NA,NA,NA,NA,NA,NA,NA,1,NA,NA,NA,NA,NA,NA,NA,NA,0.5,F_bCtmgJE4KRJd94d,F_3sJdXJoxxs8zIJP,fish1,2.16904684,0.050164765,1.258916498,0.020304833,6.289634943,0.00292879,22,1477,1456,1,23,23,0.014656895,0.98401066,0.944563154,0.944563154,0.402455773,0.402455773,NA,NA,biology
1/27/2022 17:45,R_1qdHCwPCdNvs9xi,12,Core Facility Staff,Academic - University,USA,Doctorate,"Molecular, Cell and Developmental Biology",8,Core facility workstation,yes,q11,Imaris (Bitplane),NA,No,8,Segmentation Algorithm,NA,NA,NA,NA,NA,NA,NA,NA,1,NA,NA,NA,NA,NA,NA,NA,NA,0.5,F_3elYoKWalabCMwP,F_2uR2PLxUb1hlRtU,fish2,2.4458171,0.051313947,1.605171959,0.021511392,8.558598305,0.003095861,70,1459,1389,0,42,42,0.046635576,0.972018654,1.239662239,1.239662239,0.772393673,0.772393673,NA,NA,biology
1/27/2022 17:45,R_1qdHCwPCdNvs9xi,12,Core Facility Staff,Academic - University,USA,Doctorate,"Molecular, Cell and Developmental Biology",8,Core facility workstation,yes,q12,Imaris (Bitplane),NA,No,8,Segmentation Algorithm,NA,NA,NA,NA,NA,NA,NA,NA,1,NA,NA,NA,NA,NA,NA,NA,NA,0.5,F_262Nij4XMsBhd9G,F_2wFgfgtiHwXeIOk,fish3,2.890312685,0.057868633,1.333312329,0.024666219,10.13162919,0.003957201,7,1466,1459,0,35,35,0.004663558,0.976682212,1.219460366,1.219460366,0.523891094,0.523891094,NA,NA,biology
1/27/2022 17:45,R_1qdHCwPCdNvs9xi,12,Core Facility Staff,Academic - University,USA,Doctorate,"Molecular, Cell and Developmental Biology",8,Core facility workstation,yes,q13,Imaris (Bitplane),NA,No,8,Segmentation Algorithm,NA,NA,NA,NA,NA,NA,NA,NA,1,NA,NA,NA,NA,NA,NA,NA,NA,0.5,F_3OqflClqIunVHmW,F_1lAeiIAkB9tle25,fish4,2.562789791,0.068549396,1.49940106,0.148152589,8.816095053,0.026648209,28,1415,1388,1,85,85,0.018654231,0.942704863,1.264827549,1.264827549,0.675000447,0.675000447,NA,NA,biology
4/27/2022 10:49,R_1ePOgKBqC8pSpzT,25,Core Facility Staff,Academic - University,USA,Doctorate,Human Genetics,8,Personal computer,yes,q6,Imaris (Bitplane),"Surface Generation and spot generation
",No,8,"Manual threshold,Other1:,Other2:",NA,NA,NA,NA,NA,1,NA,NA,NA,NA,NA,NA,NA,2,3,Morphological split,"""Quality"" filter",2,F_2Wx7y8FWExj1ODi,F_10HsTN6V7oEDmLP,nuclei1,5.018509037,0.18043941,1.964680499,0.123519113,29.04540242,0.047815352,NA,NA,NA,NA,NA,NA,NA,NA,4.824633982,4.824633982,1.694400781,1.694400781,splitTouchingObjects,thresholdImarisQuality,biology
4/27/2022 10:49,R_1ePOgKBqC8pSpzT,25,Core Facility Staff,Academic - University,USA,Doctorate,Human Genetics,8,Personal computer,yes,q7,Imaris (Bitplane),NA,No,8,"Manual threshold,Exclusion of outliers based on size",NA,NA,NA,NA,NA,1,NA,NA,NA,NA,NA,NA,2,NA,NA,NA,NA,0.5,F_PFKuPY1Ai69ktGN,F_OqY6eJQNUgEAolH,nuclei2,4.553923371,0.283043403,1.770508209,0.126005318,23.87291738,0.095990908,NA,NA,NA,NA,NA,NA,NA,NA,4.187664704,4.187664704,1.284183886,1.284183886,NA,NA,biology
4/27/2022 10:49,R_1ePOgKBqC8pSpzT,25,Core Facility Staff,Academic - University,USA,Doctorate,Human Genetics,8,Personal computer,yes,q8,Imaris (Bitplane),surface generation,No,8,"Manual threshold,Exclusion of outliers based on size",NA,NA,NA,NA,NA,1,NA,NA,NA,NA,NA,NA,2,NA,NA,NA,NA,0.5,F_1o5Xj4CDBxcdCLV,F_2fdiQ0lOIYVKcMK,nuclei3,5.057770855,0.31400131,1.889731583,0.143077463,29.15213148,0.119067983,NA,NA,NA,NA,NA,NA,NA,NA,4.918333711,4.918333711,1.739271288,1.739271288,NA,NA,biology
4/27/2022 10:49,R_1ePOgKBqC8pSpzT,25,Core Facility Staff,Academic - University,USA,Doctorate,Human Genetics,8,Personal computer,yes,q9,Imaris (Bitplane),Surface wizard,No,8,"Manual threshold,Exclusion of outliers based on size",NA,NA,NA,NA,NA,1,NA,NA,NA,NA,NA,NA,2,NA,NA,NA,NA,0.5,F_3jUQVspfGgXmRRT,F_1EXKLSNH5GQBGXB,nuclei4,5.856324386,0.285010572,2.468718024,0.098255981,40.391104,0.090885264,NA,NA,NA,NA,NA,NA,NA,NA,4.769621888,4.769621888,1.296603738,1.296603738,NA,NA,biology
4/27/2022 10:49,R_1ePOgKBqC8pSpzT,25,Core Facility Staff,Academic - University,USA,Doctorate,Human Genetics,8,Personal computer,yes,q10,Imaris (Bitplane),Spot generation wizard,No,8,"Manual threshold,Exclusion of outliers based on size",NA,NA,NA,NA,NA,1,NA,NA,NA,NA,NA,NA,2,NA,NA,NA,NA,0.5,F_2Po5U9m0xB9ZbuV,F_3dXnKIN0Dq0czVZ,fish1,1.162741576,0.076862397,0.717974699,0.485167773,1.867455642,0.241295596,121,1473,1359,7,21,21,0.080612925,0.981345769,0.803137284,0.803137284,0.400303461,0.400303461,NA,NA,biology
4/27/2022 10:49,R_1ePOgKBqC8pSpzT,25,Core Facility Staff,Academic - University,USA,Doctorate,Human Genetics,8,Personal computer,yes,q11,Imaris (Bitplane),Spot generation,No,8,Manual threshold,NA,NA,NA,NA,NA,1,NA,NA,NA,NA,NA,NA,NA,NA,NA,NA,NA,0.5,F_1jPxa16AARpuYjt,F_5td26KNLv8N2hgt,fish2,1.345992579,0.246955314,0.997608831,0.884321949,2.806919403,0.843012236,207,1351,1252,108,42,42,0.137908061,0.900066622,0.901712991,0.901712991,0.602156765,0.602156765,NA,NA,biology
4/27/2022 10:49,R_1ePOgKBqC8pSpzT,25,Core Facility Staff,Academic - University,USA,Doctorate,Human Genetics,8,Personal computer,yes,q12,Imaris (Bitplane),Spot generation wizard,No,8,"Manual threshold,Exclusion of outliers based on size",NA,NA,NA,NA,NA,1,NA,NA,NA,NA,NA,NA,2,NA,NA,NA,NA,0.5,F_3MrnPFdYG0HnLPW,F_1lsFFHAdRhFFUon,fish3,1.524089091,0.056117726,0.717207912,0.025053655,2.837234747,0.003776885,35,1459,1424,0,42,42,0.023317788,0.972018654,1.042775277,1.042775277,0.45378363,0.45378363,NA,NA,biology
4/27/2022 10:49,R_1ePOgKBqC8pSpzT,25,Core Facility Staff,Academic - University,USA,Doctorate,Human Genetics,8,Personal computer,yes,q13,Imaris (Bitplane),Spot generation,No,8,"Manual threshold,Exclusion of outliers based on size",NA,NA,NA,NA,NA,1,NA,NA,NA,NA,NA,NA,2,NA,NA,NA,NA,0.5,F_2a8MgXtERjzi2md,F_3Hn3IYFZN22KOqx,fish4,1.395958602,0.068139494,0.823448349,0.147832232,2.626767604,0.026497359,93,1422,1331,2,77,77,0.061958694,0.947368421,1.0086771,1.0086771,0.602511495,0.602511495,NA,NA,biology
1/27/2021 11:12,R_3nu9kDs66l1O03t,33,Faculty/Principal Investigator,Government,USA,Masters,Biology,8,NA,NA,q6,Image Pro Plus (Media Cybernetics),no,No,NA,NA,NA,NA,NA,NA,NA,NA,NA,NA,NA,NA,NA,NA,NA,NA,NA,NA,NA,NA,F_1rujPdTRakR0xc3,NA,nuclei1,NA,NA,NA,NA,NA,NA,NA,NA,NA,NA,NA,NA,NA,NA,NA,NA,NA,NA,NA,NA,biology
3/24/2021 10:37,R_31bjqd6Mm8wBxN5,24,"Post-doc,Core Facility Staff",Academic - University,United Kingdom,Doctorate,Bioengineering,9,Personal computer,yes,q10,Icy,NA,I used/modified code written by someone else,7,"De-noising/smoothing/low-pass/averaging filter,Global automatic threshold,Other1:,Other2:,Exclusion of outliers based on size",NA,NA,1,NA,NA,NA,2,NA,NA,NA,NA,NA,5,3,4,Connected components,Spot Detection,1.5,F_tEcPiDBgrliqqQ1,F_2Y95duPjUBCmmxA,fish1,229.2415113,0.471895785,98.49497718,0.231985078,62252.93104,0.276502709,0,38,583,545,918,918,0,0.025316456,218.0133789,218.0133789,98.82181652,98.82181652,connectedComponents,spotDetection,bioengineering
3/24/2021 10:37,R_31bjqd6Mm8wBxN5,24,"Post-doc,Core Facility Staff",Academic - University,United Kingdom,Doctorate,Bioengineering,9,Personal computer,yes,q11,Icy,NA,I used/modified code written by someone else,7,"De-noising/smoothing/low-pass/averaging filter,Global automatic threshold,Other1:,Other2:,Exclusion of outliers based on size",NA,NA,1,NA,NA,NA,2,NA,NA,NA,NA,NA,5,3,4,Connected Components,Spot Detection,1.5,F_1CywO2XxOmrsPW1,F_Z7z5sXo2biPnW2l,fish2,NA,NA,NA,NA,NA,NA,NA,NA,NA,NA,NA,NA,NA,NA,NA,NA,NA,NA,connectedComponents,spotDetection,bioengineering
3/24/2021 10:37,R_31bjqd6Mm8wBxN5,24,"Post-doc,Core Facility Staff",Academic - University,United Kingdom,Doctorate,Bioengineering,9,Personal computer,yes,q12,Icy,NA,I used/modified code written by someone else,7,"De-noising/smoothing/low-pass/averaging filter,Global automatic threshold,Other1:,Other2:,Exclusion of outliers based on size",NA,NA,1,NA,NA,NA,2,NA,NA,NA,NA,NA,5,3,4,Connected Components,Spot Detection,1.5,F_T8b8RfwPtf8f6ed,F_3QQ6UE5cIf9c0SG,fish3,299.0722947,0.694092895,92.18812624,0.976172603,97942.8881,1.434677899,0,418,1695,1277,0,0,0,0.24660767,288.1859679,288.1859679,122.0589504,122.0589504,connectedComponents,spotDetection,bioengineering
3/24/2021 10:37,R_31bjqd6Mm8wBxN5,24,"Post-doc,Core Facility Staff",Academic - University,United Kingdom,Doctorate,Bioengineering,9,Personal computer,yes,q13,Icy,NA,I used/modified code written by someone else,7,"De-noising/smoothing/low-pass/averaging filter,Global automatic threshold,Other1:,Other2:,Exclusion of outliers based on size",NA,NA,1,NA,NA,NA,2,NA,NA,NA,NA,NA,5,3,4,Connected Components,Spot detection,1.5,F_2Eyjfu8vGTMoKA0,F_1BXvTsgVTPEL3Ln,fish4,234.2257144,0.822221275,125.6967306,0.9298778,70661.35336,1.540720549,0,221,1019,798,482,482,0,0.147235177,214.8078508,214.8078508,126.0723373,126.0723373,connectedComponents,spotDetection,bioengineering
4/27/2022 1:39,R_2ydugxPVoGtDEo4,22,Core Facility Staff,Academic - University,USA,Masters,Biomolecular,4,Common lab computer,yes,q6,"FIJI/ImageJ,MatLab (MathWorks)",MIJI with Matlab R2022a,I wrote my own original code,5,"De-noising/smoothing/low-pass/averaging filter,Background subtraction,Local automatic threshold,Binary image operations (e.g. closing, opening, fill holes),Binary filter (e.g. Watershed, erode, etc.)",2,NA,1,NA,NA,NA,NA,3,NA,NA,5,4,NA,NA,NA,NA,NA,5,F_2Ui1FqEnYZl0soK,F_23gygSND42kupC3,nuclei1,4.802800338,0.2889582,1.676172047,0.108780833,25.87644381,0.095330111,NA,NA,NA,NA,NA,NA,NA,NA,4.802800338,4.802800338,1.676172047,1.676172047,NA,NA,biology
4/27/2022 1:39,R_2ydugxPVoGtDEo4,22,Core Facility Staff,Academic - University,USA,Masters,Biomolecular,4,Common lab computer,yes,q7,"FIJI/ImageJ,MatLab (MathWorks)",MIJI through Matlab,I wrote my own original code,4,"De-noising/smoothing/low-pass/averaging filter,Background subtraction,Local automatic threshold,Binary image operations (e.g. closing, opening, fill holes),Binary filter (e.g. Watershed, erode, etc.)",2,NA,1,NA,NA,NA,NA,3,NA,NA,5,4,NA,NA,NA,NA,NA,5,F_1QiNrwP3aym5hRO,F_Q3U5ee9r2lf7Cs9,nuclei2,4.443332833,0.328790731,1.054240666,0.091884962,20.85463004,0.116546191,NA,NA,NA,NA,NA,NA,NA,NA,4.443332833,4.443332833,1.054240666,1.054240666,NA,NA,biology
4/27/2022 1:39,R_2ydugxPVoGtDEo4,22,Core Facility Staff,Academic - University,USA,Masters,Biomolecular,4,Common lab computer,yes,q8,"FIJI/ImageJ,MatLab (MathWorks)",MIJI,I wrote my own original code,4,"De-noising/smoothing/low-pass/averaging filter,Background subtraction,Local automatic threshold,Binary image operations (e.g. closing, opening, fill holes),Binary filter (e.g. Watershed, erode, etc.)",2,NA,1,NA,NA,NA,NA,3,NA,NA,5,4,NA,NA,NA,NA,NA,5,F_33pxE2UL5PwblgN,F_doFgopGrOCKUvM5,nuclei3,4.706356794,0.301972421,1.430903385,0.129516842,24.19727877,0.107961956,NA,NA,NA,NA,NA,NA,NA,NA,4.706356794,4.706356794,1.430903385,1.430903385,NA,NA,biology
4/27/2022 1:39,R_2ydugxPVoGtDEo4,22,Core Facility Staff,Academic - University,USA,Masters,Biomolecular,4,Common lab computer,yes,q9,"FIJI/ImageJ,MatLab (MathWorks)",MIJI,I wrote my own original code,4,"De-noising/smoothing/low-pass/averaging filter,Background subtraction,Local automatic threshold,Binary image operations (e.g. closing, opening, fill holes),Binary filter (e.g. Watershed, erode, etc.)",2,NA,1,NA,NA,NA,NA,3,NA,NA,5,4,NA,NA,NA,NA,NA,5,F_R9yQnQt4y3mw6c1,F_5hVvmNa4SsNKmat,nuclei4,5.722138664,0.139293922,1.883257211,0.033813913,36.28952862,0.020546178,NA,NA,NA,NA,NA,NA,NA,NA,5.101997602,5.101997602,1.185299249,1.185299249,NA,NA,biology
11/25/2021 11:32,R_3j9w1bGwWGd8yOC,19,Core Facility Staff,Academic - University,Chile,Masters,Mathematics,8,Core facility workstation,yes,q6,"FIJI/ImageJ,Imaris (Bitplane)","I made some tests of deconvolution with Iterative Deconvolve 3D in ImageJ, but didn't use the result.
I sticked to the basic Imaris tools",No,8,"De-noising/smoothing/low-pass/averaging filter,Segmentation Algorithm,Manual threshold",NA,NA,1,NA,NA,3,NA,NA,2,NA,NA,NA,NA,NA,NA,NA,NA,0,F_2xRDjS0r4I5wnnq,F_1JCUUFPIHXk5NaQ,nuclei1,5.028254134,0.153226459,1.994654802,0.119869761,29.26198741,0.037847107,NA,NA,NA,NA,NA,NA,NA,NA,4.803629072,4.803629072,1.681897882,1.681897882,NA,NA,math
11/25/2021 11:32,R_3j9w1bGwWGd8yOC,19,Core Facility Staff,Academic - University,Chile,Masters,Mathematics,8,Core facility workstation,yes,q9,"FIJI/ImageJ,Imaris (Bitplane)","Imaris basic tools
I tried using a Deconvolution plugin in ImageJ",No,7,"De-noising/smoothing/low-pass/averaging filter,Segmentation Algorithm,Manual threshold",NA,NA,1,NA,NA,3,NA,NA,2,NA,NA,NA,NA,NA,NA,NA,NA,0.5,F_3nJnVH8gA4CTFrQ,F_3OdBXM8K9eKDrD8,nuclei4,5.906618477,0.281702907,2.490834677,0.069308019,41.09239922,0.084160129,NA,NA,NA,NA,NA,NA,NA,NA,4.722892708,4.722892708,1.217762564,1.217762564,NA,NA,math
5/25/2021 13:53,R_2cCJjlMU7i9XjMQ,35,Faculty/Principal Investigator,Academic - University,Germany,Doctorate,Medical Image Processing,9,Personal computer,no,q6,FIJI/ImageJ,"clij2_-2.3.0.6
clijx_-0.31.0.6",I wrote my own original code,8,"Background subtraction,Segmentation Algorithm",1,NA,NA,NA,NA,NA,NA,NA,2,NA,NA,NA,NA,NA,NA,NA,NA,0.5,F_2X5NJvjoLnbFtgD,F_12a212EAcpvEs6T,nuclei1,5.136548912,0.106755745,1.994313215,0.039619524,30.36141993,0.012966496,NA,NA,NA,NA,NA,NA,NA,NA,4.869800257,4.869800257,1.630033418,1.630033418,NA,NA,medicalImageProcessing
5/25/2021 13:53,R_2cCJjlMU7i9XjMQ,35,Faculty/Principal Investigator,Academic - University,Germany,Doctorate,Medical Image Processing,9,Personal computer,no,q10,FIJI/ImageJ,"clij2_-2.3.0.6
clijx_-0.31.0.6",I wrote my own original code,7,"Other1:,De-noising/smoothing/low-pass/averaging filter,Other2:,Global automatic threshold,Binary image operations (e.g. closing, opening, fill holes)",NA,NA,2,NA,NA,NA,4,NA,NA,NA,NA,5,NA,1,3,make isotropic,maxima detection,0.5,F_3R9jPuBEsCnLyCO,F_86t7ljpmPJ3Wwmt,fish1,26.7697521,0.137129414,15.97913027,0.575349949,971.9522319,0.34983204,0,1323,1360,37,141,141,0,0.881412392,21.16503914,21.16503914,16.35422254,16.35422254,resizeOrRescale,maximaDetection,medicalImageProcessing
6/28/2021 4:10,R_2c14tLfUPR1Vnua,34,Core Facility Staff,Academic - University,United Kingdom,Doctorate,Biology,10,Personal computer,yes,q6,FIJI/ImageJ,NA,I wrote my own original code,9,"Other1:,Global automatic threshold,Binary image operations (e.g. closing, opening, fill holes),Binary filter (e.g. Watershed, erode, etc.),Exclusion of outliers based on size,Other2:",NA,NA,NA,NA,NA,NA,2,NA,NA,NA,4,3,5,1,6,DoG,Roi clustering,1,F_3nIearzFOYgpepR,F_2PeeIhaAbuyujht,nuclei1,4.833778767,0.202775887,1.944880484,0.113403211,27.14797727,0.053978349,NA,NA,NA,NA,NA,NA,NA,NA,4.725263707,4.725263707,1.788746657,1.788746657,edgeDetection,distanceAssignmentClustering,biology
6/28/2021 4:10,R_2c14tLfUPR1Vnua,34,Core Facility Staff,Academic - University,United Kingdom,Doctorate,Biology,10,Personal computer,yes,q7,FIJI/ImageJ,NA,I wrote my own original code,9,"Other1:,Global automatic threshold,Binary image operations (e.g. closing, opening, fill holes),Binary filter (e.g. Watershed, erode, etc.),Exclusion of outliers based on size,Other2:",NA,NA,NA,NA,NA,NA,2,NA,NA,NA,4,3,5,1,6,DoG,Roi clustering,1,F_80MbkHqzRaTqnF7,F_2D1Si0bKXA9LOGV,nuclei2,4.487958408,0.176074494,1.421967008,0.11746364,22.16376085,0.044799934,NA,NA,NA,NA,NA,NA,NA,NA,4.306119576,4.306119576,1.140757633,1.140757633,edgeDetection,distanceAssignmentClustering,biology
6/28/2021 4:10,R_2c14tLfUPR1Vnua,34,Core Facility Staff,Academic - University,United Kingdom,Doctorate,Biology,10,Personal computer,yes,q8,FIJI/ImageJ,NA,I wrote my own original code,9,"Other1:,Global automatic threshold,Binary image operations (e.g. closing, opening, fill holes),Binary filter (e.g. Watershed, erode, etc.),Exclusion of outliers based on size,Other2:",NA,NA,NA,NA,NA,NA,2,NA,NA,NA,4,3,5,1,6,DoG,Roi clustering,1,F_1r953757d0pOLsN,F_uliiriMtCBNE1tT,nuclei3,4.97296651,0.087794476,1.741265488,0.020094432,27.76240141,0.008111656,NA,NA,NA,NA,NA,NA,NA,NA,4.954338642,4.954338642,1.719924138,1.719924138,edgeDetection,distanceAssignmentClustering,biology
6/28/2021 4:10,R_2c14tLfUPR1Vnua,34,Core Facility Staff,Academic - University,United Kingdom,Doctorate,Biology,10,Personal computer,yes,q9,FIJI/ImageJ,NA,I wrote my own original code,9,"Other1:,Global automatic threshold,Binary image operations (e.g. closing, opening, fill holes),Binary filter (e.g. Watershed, erode, etc.),Exclusion of outliers based on size,Other2:",NA,NA,NA,NA,NA,NA,2,NA,NA,NA,4,3,5,1,6,DoG,Roi clustering,1,F_28UsUCSWf6eeAG7,F_2Pp0nHEMQBaY7Lp,nuclei4,5.719756266,0.187544558,2.175947703,0.07289002,37.45036015,0.040485916,NA,NA,NA,NA,NA,NA,NA,NA,4.94973289,4.94973289,1.354207539,1.354207539,edgeDetection,distanceAssignmentClustering,biology
6/28/2021 4:10,R_2c14tLfUPR1Vnua,34,Core Facility Staff,Academic - University,United Kingdom,Doctorate,Biology,10,Personal computer,yes,q10,FIJI/ImageJ,NA,I wrote my own original code,9,"Other1:,Global automatic threshold,Binary image operations (e.g. closing, opening, fill holes),Other2:",NA,NA,NA,NA,NA,NA,2,NA,NA,NA,NA,3,NA,1,4,LoG,simple distance joining,1,F_OeeU4dBWKuWiFNv,F_9z6apvNAMe4r7DX,fish1,21.54949097,0.099362222,11.92984955,0.280052459,606.7018715,0.088302231,1,1386,1445,60,55,55,6.66E-04,0.92338441,15.84282757,15.84282757,12.75283942,12.75283942,edgeDetection,distanceAssignmentClustering,biology
6/28/2021 4:10,R_2c14tLfUPR1Vnua,34,Core Facility Staff,Academic - University,United Kingdom,Doctorate,Biology,10,Personal computer,yes,q11,FIJI/ImageJ,NA,I wrote my own original code,9,"Other1:,Global automatic threshold,Binary image operations (e.g. closing, opening, fill holes),Other2:",NA,NA,NA,NA,NA,NA,2,NA,NA,NA,NA,3,NA,1,4,LoG,simple distance joining,1,F_3hcGm1gfQ9Tx6sE,F_2z8YNO6o2iQznWN,fish2,23.75348703,0.105658389,15.60186631,0.118033473,807.6463784,0.025095596,0,1194,1347,153,154,154,0,0.795469687,20.14245592,20.14245592,15.9180594,15.9180594,edgeDetection,distanceAssignmentClustering,biology
6/28/2021 4:10,R_2c14tLfUPR1Vnua,34,Core Facility Staff,Academic - University,United Kingdom,Doctorate,Biology,10,Personal computer,yes,q12,FIJI/ImageJ,NA,I wrote my own original code,9,"Other1:,Global automatic threshold,Binary image operations (e.g. closing, opening, fill holes),Other2:",NA,NA,NA,NA,NA,NA,2,NA,NA,NA,NA,3,NA,1,4,LoG,simple distance joining,1,F_28GQFe16lSoc09Y,F_VLrfSlLcwd7gfwB,fish3,25.88447318,0.298646787,14.25483436,0.265646267,873.2062546,0.159757843,1,190,674,485,826,826,6.66E-04,0.126582278,23.5628382,23.5628382,13.96271039,13.96271039,edgeDetection,distanceAssignmentClustering,biology
6/28/2021 4:10,R_2c14tLfUPR1Vnua,34,Core Facility Staff,Academic - University,United Kingdom,Doctorate,Biology,10,Personal computer,yes,q13,FIJI/ImageJ,NA,I wrote my own original code,9,"Other1:,Global automatic threshold,Binary image operations (e.g. closing, opening, fill holes),Other2:",NA,NA,NA,NA,NA,NA,2,NA,NA,NA,NA,3,NA,1,4,LoG,simple distance joining,1,F_wMYs9sBt5aiDbod,F_2E03GHxlfFaSOwD,fish4,22.57269941,0.240774235,16.20303581,0.3311221,772.0651281,0.167614078,0,381,525,144,976,976,0,0.253830779,21.54224955,21.54224955,15.8744245,15.8744245,edgeDetection,distanceAssignmentClustering,biology
6/30/2021 12:27,R_3RxOa8kaiyul4bG,21,"Research Associate/Technician,Core Facility Staff",Academic - University,USA,Doctorate,Chemistry,7,Personal computer,yes,q6,FIJI/ImageJ,3D ImageJ Suite,No,7,"Background subtraction,Segmentation Algorithm,Other1:",1,NA,NA,NA,NA,NA,NA,NA,2,NA,NA,NA,NA,3,NA,3D Manager,NA,0,F_2attDhNaDlKgI9v,F_1N3LptnBjHJ4kUd,nuclei1,176.5726823,10.48829496,62.52166387,2.021059935,35086.8706,114.0890145,NA,NA,NA,NA,NA,NA,NA,NA,169.1067654,169.1067654,62.84329296,62.84329296,3DobjectDetection,NA,chemistry
6/30/2021 12:27,R_3RxOa8kaiyul4bG,21,"Research Associate/Technician,Core Facility Staff",Academic - University,USA,Doctorate,Chemistry,7,Personal computer,yes,q7,FIJI/ImageJ,3D ImageJ Suite,No,7,"Background subtraction,Segmentation Algorithm,Other1:",1,NA,NA,NA,NA,NA,NA,NA,2,NA,NA,NA,NA,3,NA,3D Manager,NA,0,F_1F8N4dWdTrBBfsv,F_1NDLUSnX43kyosK,nuclei2,142.4607688,6.872593816,51.60370981,3.981919721,22958.01353,63.08823043,NA,NA,NA,NA,NA,NA,NA,NA,131.9720035,131.9720035,58.59538082,58.59538082,3DobjectDetection,NA,chemistry
6/30/2021 12:27,R_3RxOa8kaiyul4bG,21,"Research Associate/Technician,Core Facility Staff",Academic - University,USA,Doctorate,Chemistry,7,Personal computer,yes,q8,FIJI/ImageJ,3D ImageJ Suite,No,7,"Background subtraction,De-noising/smoothing/low-pass/averaging filter,Segmentation Algorithm,Other1:",1,NA,2,NA,NA,NA,NA,NA,3,NA,NA,NA,NA,4,NA,3D Manager,NA,0,F_NVF1Hc2gQERgbPr,F_6foR1pOqLl5YfaV,nuclei3,165.2596008,8.891431421,45.88175828,1.337352862,29415.87139,80.84606539,NA,NA,NA,NA,NA,NA,NA,NA,159.7491219,159.7491219,52.51465267,52.51465267,3DobjectDetection,NA,chemistry
6/30/2021 12:27,R_3RxOa8kaiyul4bG,21,"Research Associate/Technician,Core Facility Staff",Academic - University,USA,Doctorate,Chemistry,7,Personal computer,yes,q9,FIJI/ImageJ,3D ImageJ Suite,No,7,"Background subtraction,De-noising/smoothing/low-pass/averaging filter,Segmentation Algorithm,Other1:",1,NA,2,NA,NA,NA,NA,NA,3,NA,NA,NA,NA,4,NA,3D Manager,NA,0,F_da6h0aAMAnr1JwR,F_yjq1uS8JPM9yExj,nuclei4,143.9191659,6.758797743,34.97718901,1.276679803,21936.13005,47.31125825,NA,NA,NA,NA,NA,NA,NA,NA,139.8390532,139.8390532,39.43441312,39.43441312,3DobjectDetection,NA,chemistry
6/30/2021 12:27,R_3RxOa8kaiyul4bG,21,"Research Associate/Technician,Core Facility Staff",Academic - University,USA,Doctorate,Chemistry,7,Personal computer,yes,q10,FIJI/ImageJ,3D Objects Counter,No,7,"Background subtraction,Segmentation Algorithm",1,NA,NA,NA,NA,NA,NA,NA,2,NA,NA,NA,NA,NA,NA,NA,NA,0,F_1NfwqrtiQrVKOmK,F_2cnoLk3Qu0AqXDT,fish1,248.0331952,0.076223804,94.1998977,0.056558618,70394.08663,0.009008946,0,1364,1416,52,85,85,0,0.908727515,221.3992126,221.3992126,99.15695366,99.15695366,NA,NA,chemistry
6/30/2021 12:27,R_3RxOa8kaiyul4bG,21,"Research Associate/Technician,Core Facility Staff",Academic - University,USA,Doctorate,Chemistry,7,Personal computer,yes,q11,FIJI/ImageJ,3D Objects Counter,No,7,"Background subtraction,Segmentation Algorithm",1,NA,NA,NA,NA,NA,NA,NA,2,NA,NA,NA,NA,NA,NA,NA,NA,0,F_211jUptlkLAJvtg,F_3lQYowY7NuuzHBb,fish2,293.0053979,0.105927107,96.30557192,0.077227919,95126.92635,0.017184704,0,1152,1271,119,230,230,0,0.767488341,273.7288775,273.7288775,100.3467259,100.3467259,NA,NA,chemistry
6/30/2021 12:27,R_3RxOa8kaiyul4bG,21,"Research Associate/Technician,Core Facility Staff",Academic - University,USA,Doctorate,Chemistry,7,Personal computer,yes,q12,FIJI/ImageJ,3D Objects Counter,No,7,"Background subtraction,De-noising/smoothing/low-pass/averaging filter,Segmentation Algorithm",1,NA,2,NA,NA,NA,NA,NA,3,NA,NA,NA,NA,NA,NA,NA,NA,0,F_oY8qRSvSnrljeO5,F_6i2KV8I27dkN4zf,fish3,315.8547623,0.11470081,112.5911532,0.628908701,112440.9987,0.40868243,0,1159,1295,136,206,206,0,0.772151899,280.0717786,280.0717786,119.2861454,119.2861454,NA,NA,chemistry
6/30/2021 12:27,R_3RxOa8kaiyul4bG,21,"Research Associate/Technician,Core Facility Staff",Academic - University,USA,Doctorate,Chemistry,7,Personal computer,yes,q13,FIJI/ImageJ,3D Objects Counter,No,7,"Background subtraction,De-noising/smoothing/low-pass/averaging filter,Segmentation Algorithm",1,NA,2,NA,NA,NA,NA,NA,3,NA,NA,NA,NA,NA,NA,NA,NA,0,F_1mXGJbjxRlEv3w9,F_3CO7hbh2L99L2a7,fish4,233.84091,0.123609355,124.7126547,0.076747722,70234.81746,0.021169485,0,1061,1191,130,310,310,0,0.706862092,210.9053779,210.9053779,126.2623809,126.2623809,NA,NA,chemistry
10/31/2021 8:06,R_1lxxm7Riv8MvNVz,18,Graduate Student,Academic - University,Germany,Masters,Medical Neurosciences,6,Personal computer,yes,q6,FIJI/ImageJ,"MorpholibJ, 3D  ImageJ Suite",I wrote my own original code,7,"De-noising/smoothing/low-pass/averaging filter,Local automatic threshold,Binary image operations (e.g. closing, opening, fill holes),Exclusion of outliers based on size,Binary filter (e.g. Watershed, erode, etc.)",NA,NA,1,NA,NA,NA,NA,2,NA,NA,5,3,4,NA,NA,NA,NA,1,F_ag79JQNarZhGxgJ,F_cuvNgWa1TE2qzKN,nuclei1,5.057871915,0.273270828,2.055338338,0.23330634,29.80648399,0.129108794,NA,NA,NA,NA,NA,NA,NA,NA,4.762640767,4.762640767,1.646938401,1.646938401,NA,NA,biology
10/31/2021 8:06,R_1lxxm7Riv8MvNVz,18,Graduate Student,Academic - University,Germany,Masters,Medical Neurosciences,6,Personal computer,yes,q7,FIJI/ImageJ,"MorpholibJ, 3D ImageJ suite",I wrote my own original code,7,"De-noising/smoothing/low-pass/averaging filter,Local automatic threshold,Binary image operations (e.g. closing, opening, fill holes),Exclusion of outliers based on size,Binary filter (e.g. Watershed, erode, etc.)",NA,NA,1,NA,NA,NA,NA,2,NA,NA,5,3,4,NA,NA,NA,NA,1,F_2V9APTtLmbybLd2,F_2xP3GZ5QK6aJc5f,nuclei2,4.86744765,0.310417448,1.373550752,0.184446062,25.5786883,0.130379342,NA,NA,NA,NA,NA,NA,NA,NA,4.679618714,4.679618714,1.132647181,1.132647181,NA,NA,biology
10/31/2021 8:06,R_1lxxm7Riv8MvNVz,18,Graduate Student,Academic - University,Germany,Masters,Medical Neurosciences,6,Personal computer,yes,q8,FIJI/ImageJ,"MorpholibJ, 3D ImageJ Suite",I wrote my own original code,7,"De-noising/smoothing/low-pass/averaging filter,Binary image operations (e.g. closing, opening, fill holes),Local automatic threshold,Exclusion of outliers based on size,Binary filter (e.g. Watershed, erode, etc.)",NA,NA,1,NA,NA,NA,NA,3,NA,NA,5,2,4,NA,NA,NA,NA,1,F_3kKYFODXSMgqcHm,F_3qKf2PU8R65GAVz,nuclei3,5.022213237,0.280323175,1.63026473,0.149537065,27.88038888,0.100942416,NA,NA,NA,NA,NA,NA,NA,NA,5.022213237,5.022213237,1.63026473,1.63026473,NA,NA,biology
10/31/2021 8:06,R_1lxxm7Riv8MvNVz,18,Graduate Student,Academic - University,Germany,Masters,Medical Neurosciences,6,Personal computer,yes,q9,FIJI/ImageJ,"MorpholibJ, 3D ImageJ Suite",I wrote my own original code,7,"De-noising/smoothing/low-pass/averaging filter,Local automatic threshold,Binary image operations (e.g. closing, opening, fill holes),Exclusion of outliers based on size,Binary filter (e.g. Watershed, erode, etc.)",NA,NA,1,NA,NA,NA,NA,2,NA,NA,5,3,4,NA,NA,NA,NA,1,F_1CdP7bpZgtwNqpa,F_SYGF2AWNFotViGR,nuclei4,5.96350617,0.072855814,2.04089687,0.013368598,39.72866587,0.005486689,NA,NA,NA,NA,NA,NA,NA,NA,5.085484589,5.085484589,1.095640664,1.095640664,NA,NA,biology
11/29/2021 13:43,R_cHLBH1bftzVtPDH,30,Core Facility Staff,Academic - not University,Canada,Bachelors,Biology,1,Personal computer,yes,q6,FIJI/ImageJ,3D Imagej Suite,No,5,"De-noising/smoothing/low-pass/averaging filter,Other1:,Segmentation Algorithm,Binary filter (e.g. Watershed, erode, etc.)",NA,NA,1,NA,NA,NA,NA,NA,3,NA,4,NA,NA,2,NA,Maxima Finder (Seeds),NA,2,F_DVq1JD14Tho7Hk5,F_aXkOK9LnMRmP9HX,nuclei1,5.037293996,1.41262826,0.863105396,0.831769196,26.11928173,2.687358596,NA,NA,NA,NA,NA,NA,NA,NA,5.037293996,5.037293996,0.863105396,0.863105396,maximaDetection,NA,biology
11/29/2021 13:43,R_cHLBH1bftzVtPDH,30,Core Facility Staff,Academic - not University,Canada,Bachelors,Biology,1,Personal computer,yes,q7,FIJI/ImageJ,3D ImageJ Suite,No,5,"Other1:,Segmentation Algorithm,Binary filter (e.g. Watershed, erode, etc.)",NA,NA,NA,NA,NA,NA,NA,NA,2,NA,3,NA,NA,1,NA,Maxima Finder (Seeds),NA,2,F_2TnJVhvyRaymPgz,F_3iKXnWPK0U8mWVc,nuclei2,4.964348921,1.280896683,1.891361185,0.489163213,28.22200734,1.879976963,NA,NA,NA,NA,NA,NA,NA,NA,4.341585625,4.341585625,1.093137778,1.093137778,maximaDetection,NA,biology
11/29/2021 13:43,R_cHLBH1bftzVtPDH,30,Core Facility Staff,Academic - not University,Canada,Bachelors,Biology,1,Personal computer,yes,q8,FIJI/ImageJ,3D ImageJ Suite,No,5,"Background subtraction,Other1:,Segmentation Algorithm,Binary filter (e.g. Watershed, erode, etc.)",1,NA,NA,NA,NA,NA,NA,NA,3,NA,4,NA,NA,2,NA,Maxima Finder (Seeds),NA,2,F_u4BxlaxtqDHkqAx,F_qL39qOCqsJy9xrH,nuclei3,5.16888899,0.676169646,2.406634269,0.262046895,32.5093019,0.525873966,NA,NA,NA,NA,NA,NA,NA,NA,4.979353836,4.979353836,2.205642885,2.205642885,maximaDetection,NA,biology
11/29/2021 13:43,R_cHLBH1bftzVtPDH,30,Core Facility Staff,Academic - not University,Canada,Bachelors,Biology,1,Personal computer,yes,q9,FIJI/ImageJ,3D ImageJ Suite,No,5,"De-noising/smoothing/low-pass/averaging filter,Other1:,Segmentation Algorithm,Binary filter (e.g. Watershed, erode, etc.)",NA,NA,1,NA,NA,NA,NA,NA,3,NA,4,NA,NA,2,NA,Maxima Finder (Seeds),NA,2,F_VQKlnjLWnQEDcfn,F_wZYMnj9yP4Jgfvz,nuclei4,6.49145642,1.116760441,3.054237894,1.382710718,51.46737557,3.159042811,NA,NA,NA,NA,NA,NA,NA,NA,4.765242406,4.765242406,1.318119934,1.318119934,maximaDetection,NA,biology
1/4/2022 9:22,R_24HIjcCJh6uI3bu,17,Core Facility Staff,Academic - University,USA,Doctorate,Cell Biology,7,Personal computer,yes,q10,FIJI/ImageJ,3D Objects Counter,No,9,Other1:,NA,NA,NA,NA,NA,NA,NA,NA,NA,NA,NA,NA,NA,1,NA,3D Object Counter using threshold of 12500,NA,0,F_p9rqiqd8aNI2STT,F_1jP2H4xXBP0Bdhc,fish1,245.9653274,0.099950348,95.74819003,0.101723644,69666.65818,0.020337772,0,1149,1291,142,210,210,0,0.765489674,221.5004621,221.5004621,99.41168669,99.41168669,3DobjectDetection,NA,biology
1/4/2022 9:22,R_24HIjcCJh6uI3bu,17,Core Facility Staff,Academic - University,USA,Doctorate,Cell Biology,7,Personal computer,yes,q11,FIJI/ImageJ,3D objects counter,No,9,Other1:,NA,NA,NA,NA,NA,NA,NA,NA,NA,NA,NA,NA,NA,1,NA,3D Objects Counter with threshold of 12500,NA,0,F_1eJBpD9J3dMAANs,F_1doR8ylSaYbKtGp,fish2,284.0771907,0.225888885,98.2088881,0.090632756,90344.83596,0.059240085,0,403,938,535,563,563,0,0.268487675,270.6805159,270.6805159,99.89283802,99.89283802,3DobjectDetection,NA,biology
1/4/2022 9:22,R_24HIjcCJh6uI3bu,17,Core Facility Staff,Academic - University,USA,Doctorate,Cell Biology,7,Personal computer,yes,q12,FIJI/ImageJ,3D Objects Counter,No,0,"Background subtraction,Other1:",1,NA,NA,NA,NA,NA,NA,NA,NA,NA,NA,NA,NA,2,NA,3D Object Counter,NA,0,F_2319q9uBIDVawN5,F_1GwB3QhTlR1Lhrw,fish3,318.6238568,0.075093469,114.2797597,0.041977379,114581.0256,0.007401129,0,1297,1312,15,189,189,0,0.864090606,282.4669108,282.4669108,120.822023,120.822023,3DobjectDetection,NA,biology
1/4/2022 9:22,R_24HIjcCJh6uI3bu,17,Core Facility Staff,Academic - University,USA,Doctorate,Cell Biology,7,Personal computer,yes,q13,FIJI/ImageJ,3D Objects Counter,No,7,"Background subtraction,Other1:",1,NA,NA,NA,NA,NA,NA,NA,NA,NA,NA,NA,NA,2,NA,3D Objects Counter,NA,0,F_3nGIgGzBmkesBPE,F_1MPXzpuKv7bOHcQ,fish4,237.5998783,0.07653641,123.4820441,0.047701075,71701.51739,0.008133215,0,1229,1249,20,252,252,0,0.818787475,212.9038702,212.9038702,125.9855704,125.9855704,3DobjectDetection,NA,biology
4/25/2022 12:33,R_1q7MrEdSr6yhykH,28,Faculty/Principal Investigator,Academic - University,USA,Doctorate,Cell and Molecular Biology,3,Personal computer,I don't have a local core facility,q10,FIJI/ImageJ,None,No,1,Manual threshold,NA,NA,NA,NA,NA,1,NA,NA,NA,NA,NA,NA,NA,NA,NA,NA,NA,1,F_ykhHUnbLjJIZ4Nr,F_2wmhbhhujqXfMDo,fish1,245.6268072,0.084304926,95.25775412,0.090234885,69406.56813,0.015249655,0,1202,1317,115,184,184,0,0.800799467,220.7115666,220.7115666,99.43896593,99.43896593,NA,NA,biology
4/25/2022 12:33,R_1q7MrEdSr6yhykH,28,Faculty/Principal Investigator,Academic - University,USA,Doctorate,Cell and Molecular Biology,3,Personal computer,I don't have a local core facility,q11,FIJI/ImageJ,None,No,1,Manual threshold,NA,NA,NA,NA,NA,1,NA,NA,NA,NA,NA,NA,NA,NA,NA,NA,NA,1,F_3KAYyq0LfSkA4AK,F_2BxJOFGti5cjjkZ,fish2,281.1672282,0.284115755,97.53065672,0.166273746,88567.23921,0.108368721,0,350,912,562,589,589,0,0.233177881,268.3024123,268.3024123,99.16067456,99.16067456,NA,NA,biology
4/25/2022 12:33,R_1q7MrEdSr6yhykH,28,Faculty/Principal Investigator,Academic - University,USA,Doctorate,Cell and Molecular Biology,3,Personal computer,I don't have a local core facility,q12,FIJI/ImageJ,None,No,1,Manual threshold,NA,NA,NA,NA,NA,1,NA,NA,NA,NA,NA,NA,NA,NA,NA,NA,NA,1,F_2V9fbqeA61K0Nq4,F_2WDoYROC6507CNd,fish3,320.150159,0.228093167,112.2866925,0.82805869,115104.4256,0.737707687,0,1393,1484,91,17,17,0,0.928047968,280.6539345,280.6539345,120.5504352,120.5504352,NA,NA,biology
4/26/2022 16:25,R_1pKaIHOwOnQX5Ms,14,Other,Business,USA,Doctorate,Electrical and Electronic Engineering,6,Personal computer,I don't have a local core facility,q6,"CellSens (Olympus),MatLab (MathWorks)",NA,I wrote my own original code,5,"Deconvolution,Manual threshold,Exclusion of outliers based on size",NA,NA,NA,1,NA,2,NA,NA,NA,NA,NA,NA,3,NA,NA,NA,NA,1,F_3etA5UMrP7jvN3d,F_1lc8dLEHGhskmL6,nuclei1,4.946029273,0.111997552,1.943173454,0.054295669,28.23912864,0.015491471,NA,NA,NA,NA,NA,NA,NA,NA,4.782323405,4.782323405,1.708023624,1.708023624,NA,NA,electricalEngineering
4/13/2021 9:33,R_0638fJAPpmzLtu1,27,Graduate Student,Academic - University,Belgium,Masters,Molecular Biology,6,Personal computer,yes,q6,"Cell Profiler,Python","CellProfiler for 3d segmentation
Napari for volumetric 3d rendering of original and segmented images",I wrote my own original code,6,"Other1:,Other2:,De-noising/smoothing/low-pass/averaging filter,Global automatic threshold,Binary image operations (e.g. closing, opening, fill holes),Binary filter (e.g. Watershed, erode, etc.),Flat-field correction",NA,7,3,NA,NA,NA,4,NA,NA,NA,6,5,NA,1,2,RescaleIntensity,Resize 0.5,1.5,F_Apaz0t6J1MpgTUR,F_3e4FVJdUEoJ57kj,nuclei1,173.8477751,10.48731032,61.01963664,2.021091754,33946.44495,114.0684897,NA,NA,NA,NA,NA,NA,NA,NA,166.3735729,166.3735729,61.24486253,61.24486253,resizeOrRescale,resizeOrRescale,biology
4/22/2022 8:14,R_6E6PxT3N1gr93yh,29,Post-doc,Academic - not University,USA,Doctorate,Medicine - Cell Biology,8,Common lab computer,I don't have a local core facility,q6,"Cell Profiler,Python","CellProfiler: 4.2.1
ModuleCount:17

1. Images
2. Metadata
3. NamesAndTypes
4. Groups
5. GaussianFilter
6. ReduceNoise
7. Threshold
8. Watershed
9. DilatateImage
10. MeasureObjectIntensity
11. MeasureObjectSizeShape
12. RescaleIntensity
13. OverlayObjects
14. SaveImage
15. ConvertObjectsToImage
16. SaveImage
17. ExportToSpreadsheet

Python script to convert the data
Numpy
Pandas
Os",I wrote my own original code,9,"De-noising/smoothing/low-pass/averaging filter,Global automatic threshold,Binary filter (e.g. Watershed, erode, etc.),Binary image operations (e.g. closing, opening, fill holes)",NA,NA,1,NA,NA,NA,2,NA,NA,NA,3,4,NA,NA,NA,NA,NA,1,F_erCJqoC9YXo9HDb,F_3gZoFPXdVlbFtaK,nuclei1,4.752739946,0.576996275,2.367713852,0.254993441,28.19460588,0.397946356,NA,NA,NA,NA,NA,NA,NA,NA,6.464042944,6.464042944,2.120671393,2.120671393,NA,NA,biology
4/22/2022 8:14,R_6E6PxT3N1gr93yh,29,Post-doc,Academic - not University,USA,Doctorate,Medicine - Cell Biology,8,Common lab computer,I don't have a local core facility,q7,"Cell Profiler,Python","Python script to convert the data
Numpy
Pandas
Os

CellProfiler 4.2.1
ModuleCount:17

1. Images
2. Metadata
3. NamesAndTypes
4. Groups
5. GaussianFilter
6. ReduceNoise
7. Threshold
8. Watershed
9. DilatateImage
10. MeasureObjectIntensity
11. MeasureObjectSizeShape
12. RescaleIntensity
13. OverlayObjects
14. SaveImage
15. ConvertObjectsToImage
16. SaveImage
17. ExportToSpreadsheet
",I wrote my own original code,9,"De-noising/smoothing/low-pass/averaging filter,Global automatic threshold,Binary filter (e.g. Watershed, erode, etc.),Binary image operations (e.g. closing, opening, fill holes)",NA,NA,1,NA,NA,NA,2,NA,NA,NA,3,4,NA,NA,NA,NA,NA,1,F_1gNkr2RkelMlkiK,F_1poIgwuqHJxBZng,nuclei2,NA,NA,NA,NA,NA,NA,NA,NA,NA,NA,NA,NA,NA,NA,NA,NA,NA,NA,NA,NA,biology
4/22/2022 8:14,R_6E6PxT3N1gr93yh,29,Post-doc,Academic - not University,USA,Doctorate,Medicine - Cell Biology,8,Common lab computer,I don't have a local core facility,q8,"Cell Profiler,Python","Python script to convert the data
Numpy
Pandas
Os

CellProfiler 4.2.1
ModuleCount:17

1. Images
2. Metadata
3. NamesAndTypes
4. Groups
5. GaussianFilter
6. ReduceNoise
7. Threshold
8. Watershed
9. DilatateImage
10. MeasureObjectIntensity
11. MeasureObjectSizeShape
12. RescaleIntensity
13. OverlayObjects
14. SaveImage
15. ConvertObjectsToImage
16. SaveImage
17. ExportToSpreadsheet
",I wrote my own original code,9,"De-noising/smoothing/low-pass/averaging filter,Global automatic threshold,Binary filter (e.g. Watershed, erode, etc.),Binary image operations (e.g. closing, opening, fill holes)",NA,NA,1,NA,NA,NA,2,NA,NA,NA,3,4,NA,NA,NA,NA,NA,1,F_3KGwSpclWTKYcY0,F_zcYTkBBt18B6Ex3,nuclei3,NA,NA,NA,NA,NA,NA,NA,NA,NA,NA,NA,NA,NA,NA,NA,NA,NA,NA,NA,NA,biology
4/22/2022 8:14,R_6E6PxT3N1gr93yh,29,Post-doc,Academic - not University,USA,Doctorate,Medicine - Cell Biology,8,Common lab computer,I don't have a local core facility,q9,"Cell Profiler,Python","Python script to convert the data
Numpy
Pandas
Os

CellProfiler 4.2.1
ModuleCount:17

1. Images
2. Metadata
3. NamesAndTypes
4. Groups
5. GaussianFilter
6. ReduceNoise
7. Threshold
8. Watershed
9. DilatateImage
10. MeasureObjectIntensity
11. MeasureObjectSizeShape
12. RescaleIntensity
13. OverlayObjects
14. SaveImage
15. ConvertObjectsToImage
16. SaveImage
17. ExportToSpreadsheet
",I wrote my own original code,9,"De-noising/smoothing/low-pass/averaging filter,Global automatic threshold,Binary filter (e.g. Watershed, erode, etc.),Binary image operations (e.g. closing, opening, fill holes)",NA,NA,1,NA,NA,NA,2,NA,NA,NA,3,4,NA,NA,NA,NA,NA,1,F_ysWE38P3HJhWQwh,F_xc3jy5la8hlvEzL,nuclei4,NA,NA,NA,NA,NA,NA,NA,NA,NA,NA,NA,NA,NA,NA,NA,NA,NA,NA,NA,NA,biology
4/22/2022 8:14,R_6E6PxT3N1gr93yh,29,Post-doc,Academic - not University,USA,Doctorate,Medicine - Cell Biology,8,Common lab computer,I don't have a local core facility,q10,"Cell Profiler,Python","CellProfiler 4.2.1
ModuleCount:20

1. Images
2. Metadata
3. NamesAndTypes
4. Groups
5. GaussianFilter
6. Threshold
7. DilatateImage
8. MaskImage
9. MeasureImageIntensity
10. ImageMath
11. RescaleIntensity
12. Threshold
13. Watershed
14. MeasureObjectIntensity
15. RescaleIntensity
16. OverlayOutlines
17. SaveImage
18. ConvertObjectsToImage
19. SaveImage
20. ExportToSpreadsheet

Python script to convert the data
Numpy
Pandas
Os
",I wrote my own original code,9,"De-noising/smoothing/low-pass/averaging filter,Background subtraction,Global automatic threshold,Binary filter (e.g. Watershed, erode, etc.)",2,NA,1,NA,NA,NA,3,NA,NA,NA,4,NA,NA,NA,NA,NA,NA,0,F_22AkuQHPEhjdUQU,F_0NeDCR5HNlRhWzT,fish1,0.838413401,1.725745222,0.509844597,1.642587725,0.962878544,5.676291005,80,29,22132,22183,0,0,0.003601657,0.001305601,5.581104012,5.581104012,7.913920222,7.913920222,NA,NA,biology
4/22/2022 8:14,R_6E6PxT3N1gr93yh,29,Post-doc,Academic - not University,USA,Doctorate,Medicine - Cell Biology,8,Common lab computer,I don't have a local core facility,q11,"Cell Profiler,Python","CellProfiler 4.2.1
ModuleCount:20

1. Images
2. Metadata
3. NamesAndTypes
4. Groups
5. GaussianFilter
6. Threshold
7. DilatateImage
8. MaskImage
9. MeasureImageIntensity
10. ImageMath
11. RescaleIntensity
12. Threshold
13. Watershed
14. MeasureObjectIntensity
15. RescaleIntensity
16. OverlayOutlines
17. SaveImage
18. ConvertObjectsToImage
19. SaveImage
20. ExportToSpreadsheet

Python script to convert the data
Numpy
Pandas
Os
",I wrote my own original code,9,"De-noising/smoothing/low-pass/averaging filter,Background subtraction,Global automatic threshold,Binary filter (e.g. Watershed, erode, etc.)",2,NA,1,NA,NA,NA,3,NA,NA,NA,4,NA,NA,NA,NA,NA,NA,0,F_1f7tf1PfvKOTxHI,F_3rO0TDgFU5ffo7I,fish2,NA,NA,NA,NA,NA,NA,NA,NA,NA,NA,NA,NA,NA,NA,NA,NA,NA,NA,NA,NA,biology
4/22/2022 8:14,R_6E6PxT3N1gr93yh,29,Post-doc,Academic - not University,USA,Doctorate,Medicine - Cell Biology,8,Common lab computer,I don't have a local core facility,q12,"Cell Profiler,Python","CellProfiler 4.2.1
ModuleCount:20

1. Images
2. Metadata
3. NamesAndTypes
4. Groups
5. GaussianFilter
6. Threshold
7. DilatateImage
8. MaskImage
9. MeasureImageIntensity
10. ImageMath
11. RescaleIntensity
12. Threshold
13. Watershed
14. MeasureObjectIntensity
15. RescaleIntensity
16. OverlayOutlines
17. SaveImage
18. ConvertObjectsToImage
19. SaveImage
20. ExportToSpreadsheet

Python script to convert the data
Numpy
Pandas
Os
",I wrote my own original code,9,"De-noising/smoothing/low-pass/averaging filter,Background subtraction,Global automatic threshold,Binary filter (e.g. Watershed, erode, etc.)",2,NA,1,NA,NA,NA,3,NA,NA,NA,4,NA,NA,NA,NA,NA,NA,0,F_3iIjk0G6Hi5FvUQ,F_32WQZmHHn5Dpwzz,fish3,NA,NA,NA,NA,NA,NA,NA,NA,NA,NA,NA,NA,NA,NA,NA,NA,NA,NA,NA,NA,biology
4/22/2022 8:14,R_6E6PxT3N1gr93yh,29,Post-doc,Academic - not University,USA,Doctorate,Medicine - Cell Biology,8,Common lab computer,I don't have a local core facility,q13,"Cell Profiler,Python","CellProfiler 4.2.1
ModuleCount:20

1. Images
2. Metadata
3. NamesAndTypes
4. Groups
5. GaussianFilter
6. Threshold
7. DilatateImage
8. MaskImage
9. MeasureImageIntensity
10. ImageMath
11. RescaleIntensity
12. Threshold
13. Watershed
14. MeasureObjectIntensity
15. RescaleIntensity
16. OverlayOutlines
17. SaveImage
18. ConvertObjectsToImage
19. SaveImage
20. ExportToSpreadsheet

Python script to convert the data
Numpy
Pandas
Os
",I wrote my own original code,9,"De-noising/smoothing/low-pass/averaging filter,Background subtraction,Global automatic threshold,Binary filter (e.g. Watershed, erode, etc.)",2,NA,1,NA,NA,NA,3,NA,NA,NA,4,NA,NA,NA,NA,NA,NA,0,F_86oxq3s7kVyrGdb,F_Z2iqaybhxvbyR0J,fish4,NA,NA,NA,NA,NA,NA,NA,NA,NA,NA,NA,NA,NA,NA,NA,NA,NA,NA,NA,NA,biology
4/13/2021 9:33,R_0638fJAPpmzLtu1,27,Graduate Student,Academic - University,Belgium,Masters,Molecular Biology,6,Personal computer,yes,q7,Cell Profiler,same,I wrote my own original code,6,"Other1:,Other2:,De-noising/smoothing/low-pass/averaging filter,Global automatic threshold,Binary image operations (e.g. closing, opening, fill holes),Binary filter (e.g. Watershed, erode, etc.),Flat-field correction",NA,7,3,NA,NA,NA,4,NA,NA,NA,6,5,NA,1,2,RescaleIntensity,Resize 0.5,1.5,F_6yxUl0WHmkbI5r3,F_3OrALAcQeAEJ0A0,nuclei2,142.7905465,6.878009397,49.71608132,3.971969953,22860.82893,63.08355858,NA,NA,NA,NA,NA,NA,NA,NA,132.1895143,132.1895143,56.73599394,56.73599394,resizeOrRescale,resizeOrRescale,biology
4/13/2021 9:33,R_0638fJAPpmzLtu1,27,Graduate Student,Academic - University,Belgium,Masters,Molecular Biology,6,Personal computer,yes,q8,Cell Profiler,same as Nuclei#1,I wrote my own original code,5,"Other1:,Other2:,De-noising/smoothing/low-pass/averaging filter,Global automatic threshold,Binary image operations (e.g. closing, opening, fill holes),Binary filter (e.g. Watershed, erode, etc.),Flat-field correction",NA,7,3,NA,NA,NA,4,NA,NA,NA,6,5,NA,1,2,RescaleIntensity,Resize 0.5,1.5,F_1BbSdR4okoqLW1z,F_3Jn1sadO5isKqiL,nuclei3,151.4804299,8.862405422,51.51928009,0.951092576,25600.55686,79.44680694,NA,NA,NA,NA,NA,NA,NA,NA,147.8229834,147.8229834,53.94563997,53.94563997,resizeOrRescale,resizeOrRescale,biology
4/13/2021 9:33,R_0638fJAPpmzLtu1,27,Graduate Student,Academic - University,Belgium,Masters,Molecular Biology,6,Personal computer,yes,q9,Cell Profiler,same as Nuclei#1,I wrote my own original code,4,"Other1:,Other2:,De-noising/smoothing/low-pass/averaging filter,Global automatic threshold,Binary image operations (e.g. closing, opening, fill holes),Binary filter (e.g. Watershed, erode, etc.),Flat-field correction",NA,7,3,NA,NA,NA,4,NA,NA,NA,6,5,NA,1,2,RescaleIntensity,Resize 0.5,1.5,F_2YSppnGGr715BaF,F_1pQkKxFuNLxVWnh,nuclei4,140.1721972,6.719384915,40.20971911,1.486397259,21265.06637,47.35951045,NA,NA,NA,NA,NA,NA,NA,NA,137.6466706,137.6466706,42.06982878,42.06982878,resizeOrRescale,resizeOrRescale,biology
1/5/2022 14:23,R_3kaX79RV1ul5JuI,23,"Faculty/Principal Investigator,Core Facility Staff",Academic - University,USA,Doctorate,Molecular biophysics,7,Personal computer,yes,q6,Cell Profiler,NA,I wrote my own original code,9,"Other1:,De-noising/smoothing/low-pass/averaging filter,Local automatic threshold,Binary filter (e.g. Watershed, erode, etc.),Other2:",NA,NA,2,NA,NA,NA,NA,3,NA,NA,4,NA,NA,1,5,downsampled 0.5x,restored original resolution 2x,2,F_3hg6T0xYLQpUBPs,F_2Pdn3GufcEIzXqS,nuclei1,5.182753421,0.277523261,2.015551019,0.073663075,30.92337893,0.082445409,NA,NA,NA,NA,NA,NA,NA,NA,4.865919212,4.865919212,1.59728367,1.59728367,resizeOrRescale,resizeOrRescale,biophysics
1/5/2022 14:23,R_3kaX79RV1ul5JuI,23,"Faculty/Principal Investigator,Core Facility Staff",Academic - University,USA,Doctorate,Molecular biophysics,7,Personal computer,yes,q7,Cell Profiler,NA,I wrote my own original code,6,"Other1:,De-noising/smoothing/low-pass/averaging filter,Local automatic threshold,Binary filter (e.g. Watershed, erode, etc.),Other2:",NA,NA,2,NA,NA,NA,NA,3,NA,NA,4,NA,NA,1,5,downsampled 0.5x,restored original resolution 2x,2,F_pgDB0BYFpZuFn5D,F_3lyxeLH5578WGoP,nuclei2,4.706552871,0.183195996,1.526529048,0.091225057,24.48193087,0.041882784,NA,NA,NA,NA,NA,NA,NA,NA,4.404924293,4.404924293,1.10888169,1.10888169,resizeOrRescale,resizeOrRescale,biophysics
1/5/2022 14:23,R_3kaX79RV1ul5JuI,23,"Faculty/Principal Investigator,Core Facility Staff",Academic - University,USA,Doctorate,Molecular biophysics,7,Personal computer,yes,q8,Cell Profiler,NA,I wrote my own original code,8,"Other1:,De-noising/smoothing/low-pass/averaging filter,Local automatic threshold,Binary filter (e.g. Watershed, erode, etc.),Other2:",NA,NA,2,NA,NA,NA,NA,3,NA,NA,4,NA,NA,1,5,downsampled 0.5x,restored original resolution 2x,2,F_sumrUaSSMLdMhrP,F_3L5B1jE91DXcHXS,nuclei3,5.165709672,0.304476524,1.465845406,0.088578632,28.83325917,0.100552128,NA,NA,NA,NA,NA,NA,NA,NA,5.077243517,5.077243517,1.356377598,1.356377598,resizeOrRescale,resizeOrRescale,biophysics
1/5/2022 14:23,R_3kaX79RV1ul5JuI,23,"Faculty/Principal Investigator,Core Facility Staff",Academic - University,USA,Doctorate,Molecular biophysics,7,Personal computer,yes,q9,Cell Profiler,NA,I wrote my own original code,8,"Other1:,De-noising/smoothing/low-pass/averaging filter,Local automatic threshold,Binary filter (e.g. Watershed, erode, etc.),Other2:",NA,NA,2,NA,NA,NA,NA,3,NA,NA,4,NA,NA,1,5,downsampled 0.5x,restored original resolution 2x,2,F_9SSAGr2XBUOTZKN,F_2uHtdfVjoN3a5A6,nuclei4,5.97153525,0.281676026,2.110420964,0.104717187,40.11310989,0.090307073,NA,NA,NA,NA,NA,NA,NA,NA,5.021344266,5.021344266,1.099219902,1.099219902,resizeOrRescale,resizeOrRescale,biophysics
11/20/2021 13:29,R_2DNRFrAvCDUX1EL,15,Core Facility Staff,Academic - University,USA,Doctorate,Biology,9,Core facility workstation,yes,q6,Arivis,NA,No,9,"De-noising/smoothing/low-pass/averaging filter,Segmentation Algorithm,Exclusion of outliers based on size",NA,NA,1,NA,NA,NA,NA,NA,2,NA,NA,NA,3,NA,NA,NA,NA,0,F_3HTGfhefgsHUxaS,F_2w66iChLW0eiwj7,nuclei1,4.941950019,0.131358338,1.955200766,0.053232131,28.24568003,0.020088673,NA,NA,NA,NA,NA,NA,NA,NA,4.782115714,4.782115714,1.729520457,1.729520457,NA,NA,biology
11/20/2021 13:29,R_2DNRFrAvCDUX1EL,15,Core Facility Staff,Academic - University,USA,Doctorate,Biology,9,Core facility workstation,yes,q7,Arivis,NA,No,9,"Background subtraction,Segmentation Algorithm,Other1:,Exclusion of outliers based on size",1,NA,NA,NA,NA,NA,NA,NA,2,NA,NA,NA,4,3,NA,Manual joining of over-segmentation,NA,0.5,F_2ZEtCG1PtYMQTbW,F_1pMRt4uHtOVMRIq,nuclei2,4.517451428,0.140300405,1.471101031,0.052640638,22.57150564,0.02245524,NA,NA,NA,NA,NA,NA,NA,NA,4.318146125,4.318146125,1.173582174,1.173582174,manualCorrection,NA,biology
11/20/2021 13:29,R_2DNRFrAvCDUX1EL,15,Core Facility Staff,Academic - University,USA,Doctorate,Biology,9,Core facility workstation,yes,q8,Arivis,NA,No,9,"De-noising/smoothing/low-pass/averaging filter,Segmentation Algorithm,Exclusion of outliers based on size",NA,NA,1,NA,NA,NA,NA,NA,2,NA,NA,NA,3,NA,NA,NA,NA,0.5,F_1kId8YWPwXvBewd,F_3BOSVa4ZyZCsKIN,nuclei3,4.926817508,0.137662325,1.740410844,0.04815421,27.30256067,0.021269744,NA,NA,NA,NA,NA,NA,NA,NA,4.910320452,4.910320452,1.72128126,1.72128126,NA,NA,biology
11/20/2021 13:29,R_2DNRFrAvCDUX1EL,15,Core Facility Staff,Academic - University,USA,Doctorate,Biology,9,Core facility workstation,yes,q9,Arivis,NA,No,9,"De-noising/smoothing/low-pass/averaging filter,Segmentation Algorithm,Other1:,Exclusion of outliers based on size",NA,NA,1,NA,NA,NA,NA,NA,2,NA,NA,NA,4,3,NA,Manual correction of Watershed,NA,0.5,F_2wpo7E9J7AK5v21,F_ToWcLsfLlzngofv,nuclei4,5.690449557,0.202585676,2.180591817,0.065642826,37.13619683,0.045349937,NA,NA,NA,NA,NA,NA,NA,NA,4.920595606,4.920595606,1.321394267,1.321394267,manualCorrection,NA,biology
11/20/2021 13:29,R_2DNRFrAvCDUX1EL,15,Core Facility Staff,Academic - University,USA,Doctorate,Biology,9,Core facility workstation,yes,q10,Arivis,NA,No,9,Segmentation Algorithm,NA,NA,NA,NA,NA,NA,NA,NA,1,NA,NA,NA,NA,NA,NA,NA,NA,0,F_R8BUVzetR7cA2Vr,F_23ZF2rjyT0lDUfU,fish1,5696.735579,0.063959781,2961.540909,0.031763935,41223520.81,0.005099801,0,1496,1496,0,5,5,0,0.996668887,5688.166623,5688.166623,2964.933826,2964.933826,NA,NA,biology
11/20/2021 13:29,R_2DNRFrAvCDUX1EL,15,Core Facility Staff,Academic - University,USA,Doctorate,Biology,9,Core facility workstation,yes,q11,Arivis,NA,No,9,Segmentation Algorithm,NA,NA,NA,NA,NA,NA,NA,NA,1,NA,NA,NA,NA,NA,NA,NA,NA,0,F_2YhN0yMkj7gAyDG,F_2P707dEMRlPqPti,fish2,6385.742624,0.066633176,3787.430926,0.032795725,55122341.88,0.00551554,0,1488,1490,2,11,11,0,0.991339107,6378.080661,6378.080661,3791.896283,3791.896283,NA,NA,biology
11/20/2021 13:29,R_2DNRFrAvCDUX1EL,15,Core Facility Staff,Academic - University,USA,Doctorate,Biology,9,Core facility workstation,yes,q12,Arivis,NA,No,9,"Segmentation Algorithm,Other1:",NA,NA,NA,NA,NA,NA,NA,NA,1,NA,NA,NA,NA,2,NA,Exclusion of outliers based on intensity,NA,0.5,F_3iWJWbXk69V5m46,F_3NHW0JdCv7QLM6W,fish3,1.386550098,0.142944865,1.079935994,0.93748209,3.088782926,0.899305904,49,1358,1356,47,96,96,0.032644903,0.90473018,1.039795725,1.039795725,0.946311987,0.946311987,thresholdImarisQuality,NA,biology
11/20/2021 13:29,R_2DNRFrAvCDUX1EL,15,Core Facility Staff,Academic - University,USA,Doctorate,Biology,9,Core facility workstation,yes,q13,Arivis,NA,No,9,"Segmentation Algorithm,Other1:",NA,NA,NA,NA,NA,NA,NA,NA,1,NA,NA,NA,NA,2,NA,Exclusion of outliers based on intensity,NA,0.5,F_3hfkoALttkkaMQX,F_3Oc6sBLQFiy0oJj,fish4,7066.827888,0.149893191,3610.222161,1.13086061,62973760.45,1.301313688,0,1406,1456,50,45,45,0,0.936708861,7060.11726,7060.11726,3612.903231,3612.903231,thresholdImarisQuality,NA,biology
12/2/2021 8:10,R_eRvCx60GZHVIflf,31,"Post-doc,Core Facility Staff,Staff Scientist",Academic - University,United Kingdom,Doctorate,Developmental Genetics,8,Core facility workstation,yes,q6,Arivis,NA,No,8,Segmentation Algorithm,NA,NA,NA,NA,NA,NA,NA,NA,1,NA,NA,NA,NA,NA,NA,NA,NA,0,F_1FCCOKPKmvSpJi8,F_u1vgEV65K0BrzyN,nuclei1,5.109644212,0.120959144,1.972520837,0.060889573,29.99930243,0.018338655,NA,NA,NA,NA,NA,NA,NA,NA,4.868519759,4.868519759,1.639260091,1.639260091,NA,NA,biology
12/2/2021 8:10,R_eRvCx60GZHVIflf,31,"Post-doc,Core Facility Staff,Staff Scientist",Academic - University,United Kingdom,Doctorate,Developmental Genetics,8,Core facility workstation,yes,q7,Arivis,NA,No,8,Segmentation Algorithm,NA,NA,NA,NA,NA,NA,NA,NA,1,NA,NA,NA,NA,NA,NA,NA,NA,0,F_1LUVnLsCqNGkS93,F_1j7K2IbZuRmnTPy,nuclei2,4.780359966,0.47777862,1.704546022,0.171420172,25.75731854,0.257657285,NA,NA,NA,NA,NA,NA,NA,NA,4.373520974,4.373520974,1.168806069,1.168806069,NA,NA,biology
12/2/2021 8:10,R_eRvCx60GZHVIflf,31,"Post-doc,Core Facility Staff,Staff Scientist",Academic - University,United Kingdom,Doctorate,Developmental Genetics,8,Core facility workstation,yes,q8,Arivis,NA,No,8,Segmentation Algorithm,NA,NA,NA,NA,NA,NA,NA,NA,1,NA,NA,NA,NA,NA,NA,NA,NA,0,F_1Ig9SwFPNBxtorm,F_6D4Vk3pFs6AXKiR,nuclei3,5.170621871,0.21975491,1.821693614,0.116908276,30.05389815,0.061959765,NA,NA,NA,NA,NA,NA,NA,NA,5.128666915,5.128666915,1.775254694,1.775254694,NA,NA,biology
12/2/2021 8:10,R_eRvCx60GZHVIflf,31,"Post-doc,Core Facility Staff,Staff Scientist",Academic - University,United Kingdom,Doctorate,Developmental Genetics,8,Core facility workstation,yes,q9,Arivis,NA,No,8,Segmentation Algorithm,NA,NA,NA,NA,NA,NA,NA,NA,1,NA,NA,NA,NA,NA,NA,NA,NA,0,F_3fZtCxzLXbNY9cI,F_yjyqELRMKkgfNxD,nuclei4,5.811145537,0.345752952,2.434692303,0.098206756,39.69713906,0.129189671,NA,NA,NA,NA,NA,NA,NA,NA,4.83432463,4.83432463,1.355653805,1.355653805,NA,NA,biology
7/6/2021 12:52,R_1GUZ4XruXifzoPp,32,Other,Business,NA,Doctorate,Biomedical Engineering,9,Personal computer,I don't have a local core facility,q6,Aivia,NA,No,9,"AI / Machine-learning algorithm,Other1:",NA,NA,NA,NA,NA,NA,NA,NA,NA,1,NA,NA,NA,2,NA,3D object analysis - mesh recipe,NA,0,F_3aSpljcGOLMjSiR,F_1o1EDnpqB6ZES7t,nuclei1,5.108432614,0.180615738,1.960868627,0.086440121,29.94108954,0.040093939,NA,NA,NA,NA,NA,NA,NA,NA,4.816517384,4.816517384,1.543276184,1.543276184,3DobjectDetection,NA,bioengineering
7/6/2021 12:52,R_1GUZ4XruXifzoPp,32,Other,Business,NA,Doctorate,Biomedical Engineering,9,Personal computer,I don't have a local core facility,q7,Aivia,NA,No,9,"AI / Machine-learning algorithm,Other1:",NA,NA,NA,NA,NA,NA,NA,NA,NA,1,NA,NA,NA,2,NA,3D object analysis - meshes recipe,NA,0,F_8IzckcyNGzA7Clr,F_3kKSsWj2yDCKa4V,nuclei2,4.642111765,0.288586806,1.459836673,0.078040182,23.68032475,0.089372615,NA,NA,NA,NA,NA,NA,NA,NA,4.400132446,4.400132446,1.098211323,1.098211323,3DobjectDetection,NA,bioengineering
7/6/2021 12:52,R_1GUZ4XruXifzoPp,32,Other,Business,NA,Doctorate,Biomedical Engineering,9,Personal computer,I don't have a local core facility,q8,Aivia,NA,No,9,"AI / Machine-learning algorithm,Other1:",NA,NA,NA,NA,NA,NA,NA,NA,NA,1,NA,NA,NA,2,NA,3D object analysis - meshes recipe,NA,0,F_PYAbaEcQVX1jCHn,F_27H858GyEp3YcqA,nuclei3,5.095835837,0.286093723,1.819369884,0.115054204,29.27764965,0.095087088,NA,NA,NA,NA,NA,NA,NA,NA,4.989540495,4.989540495,1.705131535,1.705131535,3DobjectDetection,NA,bioengineering
7/6/2021 12:52,R_1GUZ4XruXifzoPp,32,Other,Business,NA,Doctorate,Biomedical Engineering,9,Personal computer,I don't have a local core facility,q9,Aivia,NA,No,9,"AI / Machine-learning algorithm,Other1:",NA,NA,NA,NA,NA,NA,NA,NA,NA,1,NA,NA,NA,2,NA,3D object analysis - meshes recipe,NA,0,F_10oOKQUlOOYLtBQ,F_24MYqS3ZaBz27jT,nuclei4,6.010405244,0.410528646,2.458591297,0.137765086,42.16964236,0.187512988,NA,NA,NA,NA,NA,NA,NA,NA,4.789280461,4.789280461,1.206133514,1.206133514,3DobjectDetection,NA,bioengineering
7/6/2021 12:52,R_1GUZ4XruXifzoPp,32,Other,Business,NA,Doctorate,Biomedical Engineering,9,Personal computer,I don't have a local core facility,q10,Aivia,NA,No,9,Other1:,NA,NA,NA,NA,NA,NA,NA,NA,NA,NA,NA,NA,NA,1,NA,3D object analysis - meshes recipe,NA,0,F_2VyE2XgLpr2ILGz,F_3EQNfkfn7cdW0e7,fish1,1.009579852,0.075484623,0.586658857,0.04618854,1.363420091,0.00783131,88,1367,1288,9,125,125,0.058627582,0.910726183,0.803524116,0.803524116,0.398099161,0.398099161,3DobjectDetection,NA,bioengineering
7/6/2021 12:52,R_1GUZ4XruXifzoPp,32,Other,Business,NA,Doctorate,Biomedical Engineering,9,Personal computer,I don't have a local core facility,q11,Aivia,NA,No,9,Other1:,NA,NA,NA,NA,NA,NA,NA,NA,NA,NA,NA,NA,NA,1,NA,3D object analysis - meshes recipe,NA,0,F_WfhqWFwXSogJPcB,F_UYgreUl6ymY4D61,fish2,1.285075443,0.089401888,0.883545978,0.044653984,2.432072391,0.009986676,173,1429,1267,11,61,61,0.115256496,0.952031979,0.906288048,0.906288048,0.612349574,0.612349574,3DobjectDetection,NA,bioengineering
7/6/2021 12:52,R_1GUZ4XruXifzoPp,32,Other,Business,NA,Doctorate,Biomedical Engineering,9,Personal computer,I don't have a local core facility,q12,Aivia,NA,No,9,Other1:,NA,NA,NA,NA,NA,NA,NA,NA,NA,NA,NA,NA,NA,1,NA,3D object analysis - meshes recipe,NA,0,F_1Fm0DKOH5aAd3r3,F_RDFfcgdF0sAc5Pz,fish3,1.389826507,0.106282945,0.687065571,0.048775151,2.403676819,0.01367508,30,1285,1320,65,151,151,0.019986676,0.856095936,1.046453611,1.046453611,0.457691469,0.457691469,3DobjectDetection,NA,bioengineering
7/6/2021 12:52,R_1GUZ4XruXifzoPp,32,Other,Business,NA,Doctorate,Biomedical Engineering,9,Personal computer,I don't have a local core facility,q13,Aivia,NA,No,9,Other1:,NA,NA,NA,NA,NA,NA,NA,NA,NA,NA,NA,NA,NA,1,NA,3D object analysis - meshes recipe,NA,0,F_3RyZCnyFE6hPlJQ,F_3qHA0UcEl1nBFX6,fish4,1.204468621,0.083733092,0.727442303,0.05159263,1.979916962,0.00967303,69,1133,1086,22,346,346,0.045969354,0.754830113,1.017141232,1.017141232,0.609482108,0.609482108,3DobjectDetection,NA,bioengineering
